Date,Coal,Distillate_Fuel,Geothermal,Natural_Gas,Non_Biomass_Waste,Petroleum_Coke,Petroleum,Residual_Fuel_Oil,Total_CO2,Year,Month,Quarter,DayOfYear,Month_Sin,Month_Cos,Lag_1,Lag_2,Lag_3,Lag_12,Coal_Lag1,Natural_Gas_Lag1,Petroleum_Lag1,Roll_Mean_3,Roll_Mean_6,Roll_Mean_12,Roll_Std_3,Roll_Std_6,EMA_3,EMA_6,Coal_Share,Natural_Gas_Share,Petroleum_Share,Diff_1,Diff_12
1974-02-01,62.99324,1.837,0.0,11.021,0.0,0.148,19.977,17.992,93.928,1974,2,1,32,0.8660254037844386,0.5000000000000001,105.53,105.089,103.624,99.185,70.55,11.959,23.021,104.74766666666666,110.02916666666665,106.68849999999999,0.9977927306476152,7.975760764131936,106.01534423828124,107.41805279595287,0.6706544725050599,0.11733454163459868,0.2126841609866961,0.4410000000000025,-6.090999999999994
1974-03-01,64.519,1.868,0.0,13.86,0.0,0.156,19.478,17.454,97.857,1974,3,1,60,1.0,6.123233995736766e-17,93.928,105.53,105.089,99.112,62.99324,11.021,19.977,101.51566666666668,104.819,106.25041666666665,6.574810592962597,6.076443038488873,99.97167211914062,103.5637519971092,0.6593191433092019,0.1416352287894347,0.19904552571144368,-11.602000000000004,-5.257000000000005
1974-04-01,62.99324,1.669,0.0,14.105,0.0,0.11,17.644,15.865,92.293,1974,4,2,91,0.8660254037844387,-0.4999999999999998,97.857,93.928,105.53,93.183,64.519,13.86,19.478,99.105,102.55316666666666,106.14583333333333,5.9008244339244476,5.626447384155171,98.9143360595703,101.93325142650656,0.6825353295986337,0.1528284753092352,0.19117374110997135,3.929000000000002,-1.2549999999999955
1974-05-01,64.687,1.927,0.0,16.676,0.0,0.093,19.993,17.973,101.357,1974,5,2,121,0.49999999999999994,-0.8660254037844387,92.293,97.857,93.928,98.012,62.99324,14.105,17.644,94.69266666666665,99.72016666666667,106.07166666666667,2.8597308148378136,5.830983430491513,95.60366802978515,99.17889387607612,0.6382094341575387,0.1645273474424709,0.19725325362301036,-5.563999999999993,-0.8900000000000006
1974-06-01,64.736,1.68,0.0,18.859,0.0,0.08,20.224,18.464,103.819,1974,6,2,152,1.2246467991473532e-16,-1.0,101.357,92.293,97.857,109.66,64.687,16.676,19.993,97.169,99.34233333333333,106.35041666666666,4.570999015532562,5.5961522376242225,98.48033401489258,99.80120991148294,0.6235466895706288,0.18165266650105796,0.19480054760684,9.063999999999993,3.344999999999999
1974-07-01,73.698,2.544,0.0,21.984,0.0,0.096,24.52,21.88,120.201,1974,7,3,182,-0.4999999999999997,-0.8660254037844388,103.819,101.357,92.293,120.935,64.736,18.859,20.224,99.15633333333334,99.13066666666667,105.86366666666667,6.069956287596564,5.354104020904581,101.14966700744628,100.94914993677352,0.613122967935128,0.18289363791535532,0.2039916303531892,2.4620000000000033,-5.840999999999994
1974-08-01,72.559,2.029,0.0,20.748,0.0,0.098,24.021,21.894,117.328,1974,8,3,213,-0.8660254037844385,-0.5000000000000004,120.201,103.819,101.357,125.189,73.698,21.984,24.52,108.459,101.57583333333334,105.8025,10.243109098315806,10.104123800046516,110.67533350372314,106.4496785262668,0.6184286258669178,0.17683756845445517,0.20473372044748733,16.38199999999999,-0.7340000000000089
1974-09-01,63.221,1.622,0.0,17.027,0.0,0.093,21.909,20.194,102.157,1974,9,3,244,-1.0,-1.8369701987210297e-16,117.328,120.201,103.819,111.452,72.559,20.748,24.021,113.78266666666667,105.47583333333334,105.14741666666667,8.747543788591944,11.034926269199369,114.00166675186156,109.55777037590485,0.6188611040984853,0.1666748077297877,0.2144639902831925,-2.8729999999999905,-7.86099999999999
1974-10-01,65.418,1.65,0.0,16.236,0.0,0.296,22.446,20.5,104.099,1974,10,4,274,-0.8660254037844386,0.5000000000000001,102.157,117.328,120.201,109.291,63.221,17.027,21.909,113.22866666666665,106.1925,104.37283333333335,9.69535374977796,10.571039263005298,108.07933337593079,107.44326455421775,0.6284209619284564,0.15596690112614903,0.2156216471222925,-15.171000000000006,-9.295000000000002
1974-11-01,65.593,1.926,0.0,12.999,0.0,0.303,24.04,21.811,102.631,1974,11,4,305,-0.5000000000000004,0.8660254037844384,104.099,102.157,117.328,103.624,65.418,16.236,22.446,107.86133333333333,108.16016666666667,103.94016666666666,8.255675280274374,8.326952922087779,106.08916668796539,106.48776039586981,0.6391148250416712,0.12665762521483517,0.23423719595081446,1.9420000000000073,-5.191999999999993
1974-12-01,71.677,1.939,0.0,11.244,0.0,0.266,26.522,24.318,109.443,1974,12,4,335,-2.4492935982947064e-16,1.0,102.631,104.099,102.157,105.089,65.593,12.999,24.04,102.96233333333333,108.3725,103.85741666666667,1.012510411469024,8.132758689399282,104.3600833439827,105.38582885419272,0.6549253351127678,0.10273840238860389,0.2423361711268723,-1.4680000000000035,-0.992999999999995
1975-01-01,72.708,2.243,0.0,11.165,0.0,0.034,26.436,24.159,110.308,1975,1,1,1,0.49999999999999994,0.8660254037844387,109.443,102.631,104.099,105.53,71.677,11.244,26.522,105.391,109.30983333333332,104.22025000000001,3.5850779628900553,7.821110724613617,106.90154167199134,106.54502061013767,0.6591361769648459,0.10121658436227794,0.23965621354242542,6.811999999999998,4.353999999999999
1975-02-01,65.117,1.579,0.0,10.285,0.0,0.025,21.33,19.726,96.731,1975,2,1,32,0.8660254037844386,0.5000000000000001,110.308,109.443,102.631,93.928,72.708,11.165,26.436,107.46066666666667,107.661,104.61841666666668,4.204915734391517,5.863715238651995,108.60477083599568,107.62015757866976,0.6731760580190366,0.10632577908573476,0.22050839746219955,0.8650000000000091,4.778000000000006
1975-03-01,66.532,1.266,0.0,11.496,0.0,0.014,19.822,18.542,97.85,1975,3,1,60,1.0,6.123233995736766e-17,96.731,110.308,109.443,97.857,65.117,10.285,21.33,105.49399999999999,104.22816666666667,104.85200000000002,7.601294823909937,5.044278438653693,102.66788541799784,104.50896969904983,0.6799386121677453,0.1174859358726688,0.20257534976235567,-13.577000000000012,2.8029999999999973
1975-04-01,62.99324,0.985,0.0,11.663,0.0,0.014,18.196,17.197,91.834,1975,4,2,91,0.8660254037844387,-0.4999999999999998,97.85,96.731,110.308,92.293,66.532,11.496,19.822,101.62966666666667,103.51033333333332,104.85141666666668,7.536454228172106,5.66609734002749,100.25894270899892,102.60640692789273,0.6859467423887947,0.12700087908608151,0.19814010081885786,1.1189999999999998,-0.007000000000005002
1975-05-01,62.99324,1.385,0.0,14.975,0.0,0.014,18.1,16.706,95.107,1975,5,2,121,0.49999999999999994,-0.8660254037844387,91.834,97.85,96.731,101.357,62.99324,11.663,18.196,95.47166666666668,101.46616666666667,104.81316666666667,3.199610028321085,7.368063827537512,96.04647135449946,99.52857637706623,0.662340662375991,0.15745421920003583,0.19031194440872445,-6.015999999999991,-0.4590000000000032
1975-06-01,67.875,1.746,0.0,16.761,0.0,0.019,20.01,18.245,104.646,1975,6,2,152,1.2246467991473532e-16,-1.0,95.107,91.834,97.85,103.819,62.99324,14.975,18.1,94.93033333333334,100.21216666666668,104.29233333333333,3.0118884994854707,7.7600114798025155,95.57673567724973,98.26526884076159,0.6486152697078464,0.16016855301028676,0.191216081721606,3.272999999999996,-6.25
1975-07-01,74.184,1.648,0.0,19.711,0.0,0.022,21.746,20.077,115.641,1975,7,3,182,-0.4999999999999997,-0.8660254037844388,104.646,95.107,91.834,120.201,67.875,16.761,20.01,97.19566666666667,99.41266666666667,104.36125,6.656480476447967,6.80741189195034,100.11136783862486,100.08833488625828,0.6415025257908072,0.17044991218945596,0.18804747554522394,9.539000000000001,0.8269999999999982
1975-08-01,77.029,2.002,0.0,19.608,0.0,0.014,24.11,22.093,120.746,1975,8,3,213,-0.8660254037844385,-0.5000000000000004,115.641,104.646,95.107,117.328,74.184,19.711,21.746,105.13133333333333,100.30149999999999,103.98125,10.275599755407633,8.62107475318479,107.87618391931244,104.53195349018449,0.6379424048877474,0.16239045911330735,0.19967533502763363,10.995000000000005,-4.559999999999988
1975-09-01,66.156,0.803,0.0,17.195,0.0,0.017,18.232,17.412,101.583,1975,9,3,244,-1.0,-1.8369701987210297e-16,120.746,115.641,104.646,102.157,77.029,19.608,24.11,113.67766666666667,104.30400000000002,104.26608333333333,8.227606476572259,11.668108004299578,114.31109195965621,109.16453820727463,0.6512506372866881,0.16927043213230245,0.17947883213935084,5.10499999999999,3.417999999999992
1975-10-01,66.651,0.797,0.0,14.988,0.0,0.016,18.722,17.908,100.361,1975,10,4,274,-0.8660254037844386,0.5000000000000001,101.583,120.746,115.641,104.099,66.156,17.195,18.232,112.65666666666668,104.92616666666667,104.21825000000001,9.923952152914369,11.350338310670146,107.9470459798281,106.9983844337676,0.6641124875088442,0.14934086454490642,0.18654654830596065,-19.162999999999997,-0.5739999999999981
1975-11-01,67.625,0.754,0.0,12.398,0.0,0.017,18.486,17.715,98.508,1975,11,4,305,-0.5000000000000004,0.8660254037844384,100.361,101.583,120.746,102.631,66.651,14.988,18.722,107.56333333333333,106.34733333333334,103.90674999999999,11.432862560764624,9.812935639586472,104.15402298991405,105.10198888126257,0.6864923979278437,0.12585778557500044,0.18765986644131782,-1.2219999999999942,-3.7379999999999995
1975-12-01,75.857,1.299,0.0,11.647,0.0,0.018,22.995,21.678,110.499,1975,12,4,335,-2.4492935982947064e-16,1.0,98.508,100.361,101.583,109.443,67.625,12.398,18.486,100.15066666666667,106.91416666666665,103.56316666666667,1.54825267102408,9.106599616029374,101.33101149495702,103.2179920580447,0.6864948382795466,0.10540365927260344,0.20810141194930165,-1.8530000000000086,-4.123000000000005
1976-01-01,81.264,2.092,0.0,11.21,0.0,0.017,27.451,25.343,119.925,1976,1,1,1,0.49999999999999994,0.8660254037844387,110.499,98.508,100.361,110.308,75.857,11.647,22.995,103.12266666666666,107.88966666666666,103.65116666666667,6.454930079662615,9.128500767742,105.91500574747852,105.29828004146049,0.6776234581927489,0.09347508080257821,0.22890137761923054,11.991,1.0559999999999974
1976-02-01,71.058,1.132,0.0,10.825,0.0,0.017,21.19,20.042,103.073,1976,2,1,32,0.8660254037844386,0.5000000000000001,119.925,110.499,98.508,96.731,81.264,11.21,27.451,109.644,108.60366666666668,104.45258333333332,10.73406917249931,9.983535799838963,112.92000287373926,109.4773428867575,0.6893948279961942,0.10502264365812156,0.20558243132707585,9.426000000000002,9.61699999999999
1976-03-01,73.361,1.183,0.0,12.091,0.0,0.018,21.591,20.389,107.043,1976,3,1,61,1.0,6.123233995736766e-17,103.073,119.925,110.499,97.85,71.058,10.825,21.19,111.16566666666665,105.65816666666666,104.98108333333333,8.445756883390226,8.117279455991794,107.99650143686964,107.64753063339822,0.6853413408311294,0.11295459647481884,0.20170396927365924,-16.852000000000004,6.341999999999999
1976-04-01,68.703,1.046,0.0,12.366,0.0,0.014,19.728,18.669,100.797,1976,4,2,92,0.8660254037844387,-0.4999999999999998,107.043,103.073,119.925,91.834,73.361,12.091,21.591,110.01366666666667,106.56816666666667,105.74716666666666,8.81000121074528,7.8713824558756125,107.51975071843482,107.47480759528443,0.6815975989763983,0.12268221051398251,0.19572009130032728,3.970000000000013,9.193000000000012
1976-05-01,68.985,0.942,0.0,14.472,0.0,0.014,18.618,17.662,102.075,1976,5,2,122,0.49999999999999994,-0.8660254037844387,100.797,107.043,103.073,95.107,68.703,12.366,19.728,103.63766666666668,106.64083333333333,106.49408333333332,3.161054465417047,7.804345876924368,104.15837535921742,105.5668625680603,0.6758265318808198,0.1417780904454479,0.18239527970656086,-6.246000000000009,8.962999999999994
1976-06-01,73.936,1.496,0.0,17.009,0.0,0.015,21.376,19.864,112.321,1976,6,2,153,1.2246467991473532e-16,-1.0,102.075,100.797,107.043,104.646,68.985,14.472,18.618,103.305,107.23533333333332,107.07475,3.29966725595168,7.17108565467366,103.1166876796087,104.5691875486145,0.6582561891136841,0.15143204285645223,0.19031167899932525,1.2780000000000058,6.9680000000000035
1976-07-01,80.968,1.682,0.0,18.326,0.0,0.018,23.131,21.432,122.425,1976,7,3,183,-0.4999999999999997,-0.8660254037844388,112.321,102.075,100.797,115.641,73.936,17.009,21.376,105.06433333333332,107.539,107.71433333333333,6.316860718215427,7.372673219396048,107.71884383980435,106.7839911061532,0.661368130580508,0.1496916357205117,0.1889401520163241,10.245999999999995,7.674999999999997
1976-08-01,81.962,1.429,0.0,17.897,0.0,0.016,24.087,22.642,123.946,1976,8,3,214,-0.8660254037844385,-0.5000000000000004,122.425,112.321,102.075,120.746,80.968,18.326,23.131,112.27366666666667,107.95566666666666,108.27966666666667,10.175082571327545,8.233102517682282,115.07192191990217,111.25285079010942,0.6612717908386079,0.1443935145633167,0.19433461391778564,10.104,6.783999999999992
1976-09-01,72.95,1.045,0.0,16.015,0.0,0.015,20.036,18.976,109.001,1976,9,3,245,-1.0,-1.8369701987210297e-16,123.946,122.425,112.321,101.583,81.962,17.897,24.087,119.56400000000001,111.4345,108.54633333333334,6.318555768528185,9.98154821157517,119.50896095995108,114.87946485007816,0.6692598536472276,0.14692524408718782,0.18381481052331533,1.5210000000000008,3.200000000000003
1976-10-01,74.746,1.31,0.0,13.567,0.0,0.023,20.713,19.38,109.026,1976,10,4,275,-0.8660254037844386,0.5000000000000001,109.001,123.946,122.425,100.361,72.95,16.015,20.036,118.45733333333332,111.76083333333332,109.16449999999999,8.224660499578931,9.840266386976834,114.25498047997554,113.19990346434156,0.6855795236384419,0.12443819598644397,0.18998218865388178,-14.944999999999993,7.418000000000006
1976-11-01,78.924,2.069,0.0,11.793,0.0,0.023,25.59,23.498,116.306,1976,11,4,306,-0.5000000000000004,0.8660254037844384,109.026,109.001,123.946,98.508,74.746,13.567,20.713,113.991,113.13233333333335,109.88658333333335,8.621291956545749,8.48695247227567,111.64049023998777,112.00735961738683,0.6785891803871529,0.10139630789500903,0.22002302374572044,0.024999999999991473,8.664999999999992
1976-12-01,84.49,2.312,0.0,11.651,0.0,0.02,29.108,26.775,125.248,1976,12,4,336,-2.4492935982947064e-16,1.0,116.306,109.026,109.001,110.499,78.924,11.793,25.59,111.44433333333332,115.50416666666666,111.36975000000001,4.2103453935910835,6.545162959519502,113.97324511999389,113.23554258384773,0.6745815761863202,0.09302343406494043,0.23240289406594164,7.280000000000001,17.798000000000002
1977-01-01,87.215,3.131039999999983,0.0,11.196,0.0,0.014,30.107959999999967,27.121339999999996,135.347,1977,1,1,1,0.49999999999999994,0.8660254037844387,125.248,116.306,109.026,119.925,84.49,11.651,29.108,116.86,117.65866666666666,112.59883333333333,8.125177413447702,7.364160608424163,119.61062255999695,116.66767327417695,0.6443806922664933,0.08272070435837481,0.2224501302245241,8.942000000000007,14.74900000000001
1977-02-01,75.943,1.335,0.0,10.942,0.0,0.016,24.961,23.61,111.845,1977,2,1,32,0.8660254037844386,0.5000000000000001,135.347,125.248,116.306,103.073,87.215,11.196,30.107959999999967,125.63366666666667,119.81233333333334,113.88400000000001,9.526356823746125,10.329412658358955,127.47881127999848,122.00462376726924,0.6790021298223318,0.09783181207637247,0.22317490963611158,10.099000000000004,15.422000000000011
1977-03-01,75.092,1.049,0.0,12.657,0.0,0.028,23.95,22.873,111.699,1977,3,1,60,1.0,6.123233995736766e-17,111.845,135.347,125.248,107.043,75.943,10.942,24.961,124.14666666666669,117.7955,114.615,11.789643859478298,10.540107489964203,119.66190563999925,119.10187411947803,0.6722709538786422,0.11331344834658785,0.21441550824846164,-23.50200000000001,8.772000000000006
1977-04-01,68.641,0.939,0.0,12.179,0.0,0.036,21.89,20.914,102.71,1977,4,2,91,0.8660254037844387,-0.4999999999999998,111.699,111.845,135.347,100.797,75.092,12.657,23.95,119.63033333333334,118.24516666666666,115.003,13.61122835505063,10.139824562913612,115.68045281999963,116.98676722819859,0.6682990294714216,0.1185765632775228,0.2131243098895619,-0.1460000000000008,4.655999999999992
1977-05-01,74.916,1.624,0.0,14.184,0.0,0.024,23.831,22.183,112.931,1977,5,2,121,0.49999999999999994,-0.8660254037844387,102.71,111.699,111.845,102.075,68.641,12.179,21.89,108.75133333333333,117.1925,115.16241666666667,5.232457389538295,11.521978454241248,109.1952264099998,112.90769087728471,0.6633784644270869,0.1255988058550083,0.21102264116826724,-8.989000000000004,1.9129999999999967
1977-06-01,80.942,1.825,0.0,16.961,0.0,0.029,24.765,22.911,122.668,1977,6,2,152,1.2246467991473532e-16,-1.0,112.931,102.71,111.699,112.321,74.916,14.184,23.831,109.11333333333333,116.63,116.06708333333334,5.579557718433777,11.655522296319438,111.0631132049999,112.91435062663194,0.6598460348382597,0.13826750755963185,0.20188637608126192,10.221000000000004,10.855999999999995
1977-07-01,90.667,3.131039999999983,0.0,18.925,0.0,0.036,30.107959999999967,27.08,139.982,1977,7,3,182,-0.4999999999999997,-0.8660254037844388,122.668,112.931,102.71,122.425,80.942,16.961,24.765,112.76966666666665,116.19999999999999,116.92933333333333,9.979978072788244,11.316661345114092,116.86555660249995,115.70110759045139,0.6477046586200612,0.13519594410738922,0.21508449550052872,9.737000000000009,10.347000000000008
1977-08-01,89.046,1.963,0.0,19.148,0.0,0.034,27.733,25.736,135.926,1977,8,3,213,-0.8660254037844385,-0.5000000000000004,139.982,122.668,112.931,123.946,90.667,18.925,30.107959999999967,125.19366666666667,116.97250000000001,118.39241666666665,13.701218717082599,12.92849177205135,128.42377830124997,122.63850542175099,0.6551064067870455,0.1408707575540546,0.20403011903314164,17.313999999999993,17.557000000000002
1977-09-01,80.975,1.061,0.0,17.719,0.0,0.025,22.535,21.449,121.229,1977,9,3,244,-1.0,-1.8369701987210297e-16,135.926,139.982,122.668,109.001,89.046,19.148,27.733,132.85866666666666,120.98599999999999,119.39074999999998,9.05538786211472,14.642570197885329,132.17488915062498,126.43493244410786,0.667950682761494,0.14616138496882883,0.18588784978117037,-4.056000000000012,11.97999999999999
1977-10-01,77.369,0.799,0.0,15.548,0.0,0.018,19.678,18.86,112.595,1977,10,4,274,-0.8660254037844386,0.5000000000000001,121.229,135.926,139.982,109.026,80.975,17.719,22.535,132.379,122.57433333333334,120.40974999999999,9.866846456695349,13.933399967942727,126.7019445753125,124.94752317436276,0.6871441283232711,0.1380878246735801,0.17476795818926613,-14.696999999999989,12.227999999999994
1977-11-01,78.058,1.045,0.0,12.776,0.0,0.02,21.205,20.14,112.038,1977,11,4,305,-0.5000000000000004,0.8660254037844384,112.595,121.229,135.926,116.306,77.369,15.548,19.678,123.25,124.22183333333332,120.70716666666665,11.796068031340033,11.483971358666233,119.64847228765625,121.41823083883054,0.6967099826210766,0.11403272871412122,0.18926612495170164,-8.634,3.5690000000000026
1977-12-01,83.279,1.719,0.0,11.991,0.0,0.02,27.887,26.147,123.157,1977,12,4,335,-2.4492935982947064e-16,1.0,112.038,112.595,121.229,125.248,78.058,12.776,21.205,115.28733333333332,124.073,120.35149999999999,5.153165467296445,11.66394410137496,115.84323614382812,118.73816488487896,0.6762018662193894,0.09736351994904716,0.22643453263439897,-0.5570000000000022,-4.268000000000001
1978-01-01,85.191,3.131039999999983,0.0,12.573,0.0,0.03,30.107959999999967,27.121339999999996,131.65,1978,1,1,1,0.49999999999999994,0.8660254037844387,123.157,112.038,112.595,135.347,83.279,11.991,27.887,115.93,124.1545,120.17725,6.2649588186997,11.653867491094951,119.50011807191406,120.00068920348497,0.6471021156777732,0.0955032210024139,0.22869698224861482,11.119,-2.091000000000008
1978-02-01,71.476,3.131039999999983,0.0,11.585,0.0,0.169,30.107959999999967,27.121339999999996,116.041,1978,2,1,32,0.8660254037844386,0.5000000000000001,131.65,123.157,112.038,111.845,85.191,12.573,30.107959999999967,122.28166666666665,122.76583333333332,119.86916666666666,9.835257613979199,9.727954880994583,125.57505903595703,123.32906371677498,0.6159546525835995,0.09983539440065198,0.25945965137669835,8.49300000000001,-3.6970000000000027
1978-03-01,67.829,2.321,0.0,12.739,0.0,0.198,30.107959999999967,27.121339999999996,112.178,1978,3,1,60,1.0,6.123233995736766e-17,116.041,131.65,123.157,111.699,71.476,11.585,30.107959999999967,123.61599999999999,119.45166666666667,120.21883333333334,7.8146164973082515,7.473910935157455,120.80802951797851,121.2467597976964,0.6046550478119552,0.11356058108001739,0.26839449193295517,-15.609000000000009,4.195999999999998
1978-04-01,69.051,0.912,0.0,12.244,0.0,0.12,21.282,20.25,102.578,1978,4,2,91,0.8660254037844387,-0.4999999999999998,112.178,116.041,131.65,102.71,67.829,12.739,30.107959999999967,119.95633333333335,117.94316666666664,120.25875,10.309562179517428,7.942173541711745,116.49301475898926,118.65568556978315,0.6731559717331229,0.11936281470073361,0.2074713674012588,-3.8629999999999995,0.4789999999999992
1978-05-01,74.201,0.973,0.0,14.308,0.0,0.085,20.994,19.937,109.503,1978,5,2,121,0.49999999999999994,-0.8660254037844387,102.578,112.178,116.041,112.931,69.051,12.244,21.282,110.26566666666666,116.27366666666667,120.24775,6.932233141876948,10.061338691579067,109.53550737949463,114.06206112127367,0.6776160764895868,0.13066307492369386,0.1917207572650286,-9.599999999999994,-0.1319999999999908
1978-06-01,81.372,1.513,0.0,17.633,0.0,0.095,22.776,21.167,121.781,1978,6,2,152,1.2246467991473532e-16,-1.0,109.503,102.578,112.178,122.668,74.201,14.308,20.994,108.08633333333331,115.85116666666666,119.96208333333333,4.954312094866189,10.32456002775256,109.51925368974732,112.75947222948119,0.668182995033462,0.14479268976337115,0.18702423308855787,6.924999999999997,-3.4279999999999973
1978-07-01,88.003,1.516,0.0,19.87,0.0,0.098,25.168,23.554,133.041,1978,7,3,182,-0.4999999999999997,-0.8660254037844388,121.781,109.503,102.578,139.982,81.372,17.633,22.776,111.28733333333332,115.62183333333333,119.88816666666666,9.725054567113597,10.143518707365109,115.65012684487365,115.33705159248657,0.6614727293486422,0.1493524440321071,0.18917475145445753,12.278000000000006,-0.8870000000000005
1978-08-01,91.836,1.514,0.0,18.669,0.0,0.094,27.684,26.076,138.189,1978,8,3,213,-0.8660254037844385,-0.5000000000000004,133.041,121.781,109.503,135.926,88.003,19.87,25.168,121.44166666666665,115.85366666666668,119.30975000000001,11.772668403269316,10.58921733966519,124.34556342243683,120.39532256606185,0.6645680434355815,0.13509757396771277,0.20033431023205103,11.259999999999991,-6.9410000000000025
1978-09-01,85.066,1.397,0.0,16.293,0.0,0.087,22.843,21.359,124.201,1978,9,3,244,-1.0,-1.8369701987210297e-16,138.189,133.041,121.781,121.229,91.836,18.669,27.684,131.00366666666665,119.54500000000002,119.49833333333333,8.391582766876256,13.983804847036426,131.2672817112184,125.47923040432988,0.6849058634869395,0.13118250809715637,0.18391959936557684,5.147999999999996,2.2630000000000052
1978-10-01,79.494,0.776,0.0,14.422,0.0,0.075,21.783,20.932,115.699,1978,10,4,274,-0.8660254037844386,0.5000000000000001,124.201,138.189,133.041,112.595,85.066,16.293,22.843,131.81033333333332,121.54883333333335,119.746,7.074739665410638,13.572380401634277,127.7341408556092,125.11402171737848,0.6870758876847779,0.12465102337522162,0.18827300250883738,-13.988,2.971999999999994
1978-11-01,79.291,0.917,0.0,12.51,0.0,0.082,23.052,22.053,114.853,1978,11,4,305,-0.5000000000000004,0.8660254037844384,115.699,124.201,138.189,112.038,79.494,14.422,21.783,126.02966666666664,123.73566666666666,120.00466666666667,11.355969414071845,10.645958306637613,121.7165704278046,122.42401551241319,0.6903693686390979,0.10892182973698294,0.20070871455610959,-8.501999999999995,3.103999999999999
1978-12-01,87.107,1.543,0.0,12.07,0.0,0.091,28.767,27.121339999999996,127.944,1978,12,4,335,-2.4492935982947064e-16,1.0,114.853,115.699,124.201,123.157,79.291,12.51,23.052,118.25099999999998,124.62733333333334,120.23925000000001,5.170184135986143,9.362101167295005,118.2847852139023,120.26086822315227,0.6808212436049175,0.09433814056633054,0.2248405376695634,-0.8460000000000036,2.8149999999999977
1979-01-01,93.946,2.649,0.0,12.547,0.0,0.103,30.107959999999967,27.121339999999996,140.07,1979,1,1,1,0.49999999999999994,0.8660254037844387,127.944,114.853,115.699,131.65,87.107,12.07,28.767,119.49866666666667,125.6545,120.63816666666668,7.3260951627272775,9.325373209689781,123.11439260695116,122.45604873082306,0.670707455507428,0.0895766338561695,0.2149493671057778,13.091000000000008,4.787000000000006
1979-02-01,83.91,2.104,0.0,12.46,0.0,0.099,27.792,25.59,124.162,1979,2,1,32,0.8660254037844386,0.5000000000000001,140.07,127.944,114.853,116.041,93.946,12.547,30.107959999999967,127.62233333333332,126.82599999999998,121.33983333333333,12.611576996289356,10.768701983061836,131.5921963034756,127.48860623630218,0.6758105800639019,0.10035275685372684,0.2238365825424379,12.12599999999999,8.419999999999987
1979-03-01,83.689,0.791,0.0,14.297,0.0,0.067,18.876,18.018,116.862,1979,3,1,60,1.0,6.123233995736766e-17,124.162,140.07,127.944,112.178,83.91,12.46,27.792,130.72533333333334,124.48816666666666,122.01658333333334,8.310714610268741,9.219664319630434,127.8770981517378,126.53814731164442,0.7161352093807046,0.12234087022805787,0.16152383482022944,-15.907999999999987,8.12100000000001
1979-04-01,78.077,0.715,0.0,14.331,0.0,0.046,17.505,16.744,109.913,1979,4,2,91,0.8660254037844387,-0.4999999999999998,116.862,124.162,140.07,102.578,83.689,14.297,18.876,127.03133333333334,123.265,122.40691666666665,11.867081415973125,9.737660745784884,122.36954907586889,123.77353379403172,0.7103526688969759,0.13038492895427028,0.15926231116771344,-7.300000000000011,4.6839999999999975
1979-05-01,83.19,0.873,0.0,15.229,0.0,0.072,18.425,17.48,116.843,1979,5,2,121,0.49999999999999994,-0.8660254037844387,109.913,116.862,124.162,109.503,78.077,14.331,17.505,116.979,122.30066666666666,123.01816666666666,7.1252204878166845,10.858748540539398,116.14127453793444,119.81338128145123,0.7119809734446245,0.1303372790550329,0.15769022040770775,-6.948999999999998,7.334999999999994
1979-06-01,88.15,0.982,0.0,17.583,0.0,0.077,20.507,19.448,126.24,1979,6,2,152,1.2246467991473532e-16,-1.0,116.843,109.913,116.862,121.781,83.19,15.229,18.425,114.53933333333333,122.63233333333334,123.62983333333334,4.00653345591126,10.61339219414163,116.49213726896721,118.96470091532231,0.698273075231854,0.139282308358499,0.1624445371954581,6.930000000000007,7.340000000000003
1979-07-01,96.579,1.019,0.0,20.281,0.0,0.072,21.845,20.755,138.705,1979,7,3,182,-0.4999999999999997,-0.8660254037844388,126.24,116.843,109.913,133.041,88.15,17.583,20.507,117.66533333333332,122.34833333333331,124.00141666666667,8.19450464234024,10.464587802042967,121.36606863448361,121.0433577966588,0.6962906386726765,0.14621678048976022,0.1574925087421139,9.396999999999991,4.458999999999989
1979-08-01,97.246,1.021,0.0,20.613,0.0,0.072,22.136,21.044,139.994,1979,8,3,213,-0.8660254037844385,-0.5000000000000004,138.705,126.24,116.843,138.189,96.579,20.281,21.845,127.26266666666668,122.12083333333334,124.47341666666667,10.96682024715161,10.007102745883378,130.0355343172418,126.08954128332772,0.6946440065542804,0.14724201414046215,0.1581210510363979,12.465000000000018,5.664000000000016
1979-09-01,84.463,0.737,0.0,18.578,0.0,0.053,19.005,18.215,122.045,1979,9,3,244,-1.0,-1.8369701987210297e-16,139.994,138.705,126.24,124.201,97.246,20.613,22.136,134.9796666666667,124.7595,124.62383333333334,7.59616418551714,12.443623921510973,135.01476715862088,130.0622437738055,0.6920643457688274,0.15222252839341813,0.15572123759914477,1.2889999999999873,1.8050000000000068
1979-10-01,86.071,0.479,0.0,17.742,0.0,0.049,17.096,16.569,120.909,1979,10,4,274,-0.8660254037844386,0.5000000000000001,122.045,139.994,138.705,115.699,84.463,18.578,19.005,133.58133333333333,125.62333333333333,124.44416666666667,10.01152437610444,11.956083282859268,128.52988357931045,127.77160269557535,0.7118658898952195,0.14673844405805656,0.14139558333990163,-17.948999999999998,-2.1559999999999917
1979-11-01,86.09,0.83,0.0,14.331,0.0,0.056,19.623,18.737,120.045,1979,11,4,305,-0.5000000000000004,0.8660254037844384,120.909,122.045,139.994,114.853,86.071,17.742,17.096,127.64933333333333,127.456,124.87833333333333,10.705873170056435,9.6953390863858,124.71944178965524,125.81085906826812,0.7171476765256631,0.11938022246822254,0.16346368749521534,-1.1359999999999957,5.210000000000008
1979-12-01,94.293,0.81,0.0,13.687,0.0,0.06,21.479,20.609,129.459,1979,12,4,335,-2.4492935982947064e-16,1.0,120.045,120.909,122.045,127.944,86.09,14.331,19.623,120.99966666666667,127.98966666666668,125.31099999999999,1.0030779298416364,9.061747638654861,122.38222089482761,124.16347076304865,0.728361818926315,0.10572458417533086,0.16591351965382709,-0.8640000000000043,5.192000000000007
1980-01-01,100.568,1.361,0.0,15.072,0.0,0.168,21.19,19.662,136.831,1980,1,1,1,0.49999999999999994,0.8660254037844387,129.459,120.045,120.909,140.07,94.293,13.687,21.479,123.471,128.52616666666668,125.43724999999999,5.2037228980799535,9.032684704265225,125.92061044741381,125.67647911646333,0.734979592710746,0.1101504695463404,0.15486255637519597,9.414000000000001,1.5150000000000006
1980-02-01,94.862,1.176,0.0,14.368,0.0,0.066,20.751,19.509,129.981,1980,2,1,32,0.8660254037844386,0.5000000000000001,136.831,129.459,120.045,124.162,100.568,15.072,21.19,128.77833333333334,128.21383333333333,125.16733333333333,8.413675138328903,8.633924493917402,131.3758052237069,128.8634850831881,0.7298143013352488,0.11053922415282048,0.1596463975776154,7.371999999999986,-3.2390000000000043
1980-03-01,93.21,0.935,0.0,15.461,0.0,0.04,17.12,16.145,125.79,1980,3,1,61,1.0,6.123233995736766e-17,129.981,136.831,129.459,116.862,94.862,14.368,20.751,132.09033333333332,126.545,125.65225,4.1138256323443425,6.638731565592936,130.67840261185344,129.18277505942007,0.7409968406871101,0.12291119143722144,0.13609983813499976,-6.849999999999994,5.818999999999988
1980-04-01,81.245,0.579,0.0,13.97,0.0,0.022,13.57,12.968,108.785,1980,4,2,92,0.8660254037844387,-0.4999999999999998,125.79,129.981,136.831,109.913,93.21,15.461,17.12,130.86733333333333,127.16916666666667,126.39625000000001,5.573608376387207,6.29835382990403,128.23420130592672,128.21341075672862,0.7468400287870545,0.1284184282374934,0.12474145105102256,-4.190999999999988,8.928000000000011
1980-05-01,82.785,0.647,0.0,15.341,0.0,0.034,13.714,13.032,111.839,1980,5,2,122,0.49999999999999994,-0.8660254037844387,108.785,125.79,129.981,116.843,81.245,13.97,13.57,121.51866666666666,125.1485,126.30225000000002,11.22500870081339,9.72250625610495,118.50960065296336,122.66243625480615,0.7402157798070637,0.13717038446602844,0.12262268773659567,-17.00500000000001,-1.1280000000000001
1980-06-01,91.484,0.83,0.0,18.337,0.0,0.034,15.102,14.237,124.923,1980,6,2,153,1.2246467991473532e-16,-1.0,111.839,108.785,125.79,126.24,82.785,15.341,13.714,115.47133333333333,123.78083333333332,125.88525,9.06575371016321,11.06805895207766,115.17430032648167,119.5700258962901,0.7323230524144431,0.14678640868483717,0.12089045885141576,3.054000000000002,-5.004000000000005
1980-07-01,107.126,1.623,0.0,22.885,0.0,0.033,19.619,17.963,149.631,1980,7,3,183,-0.4999999999999997,-0.8660254037844388,124.923,111.839,108.785,138.705,91.484,18.337,15.102,115.18233333333332,123.02483333333333,125.77550000000001,8.572757393822483,10.753077669517054,120.04865016324084,121.09944706877863,0.7159344844360804,0.15294289599462038,0.13111586963156902,13.084000000000003,-1.316999999999993
1980-08-01,106.245,1.704,0.0,22.067,0.0,0.047,20.99,19.239,149.303,1980,8,3,214,-0.8660254037844385,-0.5000000000000004,149.631,124.923,111.839,139.994,107.126,22.885,19.619,128.7976666666667,125.15816666666666,126.68599999999999,19.191628313755317,14.615844805096508,134.8398250816204,129.25131933484187,0.711606550999876,0.14780010128395937,0.14058658294966725,24.708,10.925999999999988
1980-09-01,95.662,0.915,0.0,19.453,0.0,0.035,15.07,14.121,130.186,1980,9,3,245,-1.0,-1.8369701987210297e-16,149.303,149.631,124.923,122.045,106.245,22.067,20.99,141.28566666666669,128.3785,127.46175,14.171433990014277,17.69522292315076,142.0714125408102,134.98037095345848,0.7348101382014857,0.14942465784149925,0.1157574458269364,-0.32800000000000296,9.308999999999997
1980-10-01,90.03,0.606,0.0,16.401,0.0,0.025,13.278,12.647,119.708,1980,10,4,275,-0.8660254037844386,0.5000000000000001,130.186,149.303,149.631,120.909,95.662,19.453,15.07,143.04,129.11116666666666,128.14016666666666,11.133098535448172,17.657579068679457,136.1287062704051,133.6105506810418,0.7520799986567315,0.1370083756300017,0.11091989583654427,-19.11699999999999,8.141000000000005
1980-11-01,91.239,0.975,0.0,13.912,0.0,0.021,16.746,15.75,121.897,1980,11,4,306,-0.5000000000000004,0.8660254037844384,119.708,130.186,149.303,120.045,90.03,16.401,13.278,133.06566666666666,130.93166666666667,128.04008333333334,15.006177605684067,15.58416929665059,127.91835313520255,129.63839334360128,0.7484925183972929,0.11412913245370006,0.1373782671125403,-10.478000000000009,-1.2010000000000076
1980-12-01,102.138,0.984,0.0,13.179,0.0,0.027,19.518,18.506,134.835,1980,12,4,336,-2.4492935982947064e-16,1.0,121.897,119.708,130.186,129.459,91.239,13.912,16.746,123.93033333333334,132.608,128.19441666666665,5.52702038474042,13.524543496917016,124.90767656760127,127.42656667400092,0.7575035593500531,0.09774167703180353,0.14475468945342904,2.189000000000007,1.8520000000000039
1981-01-01,108.164,1.293,0.0,12.598,0.0,0.032,21.579,20.254,142.342,1981,1,1,1,0.49999999999999994,0.8660254037844387,134.835,121.897,119.708,136.831,102.138,13.179,19.518,125.48000000000002,134.26,128.64241666666666,8.17526446055432,12.993013999838546,129.87133828380064,129.54326191000067,0.7598881033083627,0.0885051433515657,0.15159965775388445,12.938000000000002,5.376000000000005
1981-02-01,94.766,0.954,0.0,12.182,0.0,0.026,14.73,13.75,121.677,1981,2,1,32,0.8660254037844386,0.5000000000000001,142.342,134.835,121.897,129.981,108.164,12.598,21.579,133.0246666666667,133.0451666666667,129.10166666666666,10.34202525298282,11.52638908620853,136.10666914190034,133.20004422142904,0.7788324187124585,0.10011751603692431,0.12105820154522205,7.507000000000005,5.511000000000024
1981-03-01,95.724,0.598,0.0,14.87,0.0,0.028,14.428,13.803,125.022,1981,3,1,60,1.0,6.123233995736766e-17,121.677,142.342,134.835,125.79,94.766,12.182,14.73,132.95133333333334,128.44083333333336,128.40966666666665,10.460483083172328,8.966682584248597,128.89183457095018,129.9077458724493,0.7656571830832027,0.1189390572108063,0.11540367972007488,-20.665000000000006,-8.303999999999988
1981-04-01,86.386,0.577,0.0,15.71,0.0,0.022,12.602,12.003,114.698,1981,4,2,91,0.8660254037844387,-0.4999999999999998,125.022,121.677,142.342,108.785,95.724,14.87,14.428,129.68033333333335,127.58016666666667,128.3456666666667,11.092141737885212,9.013382437612814,126.9569172854751,128.51181848032093,0.7531604079268681,0.13696837460388372,0.10987113028377737,3.344999999999999,-0.7680000000000007
1981-05-01,89.002,0.763,0.0,17.196,0.0,0.044,12.265,11.459,118.463,1981,5,2,121,0.49999999999999994,-0.8660254037844387,114.698,125.022,121.677,111.839,86.386,15.71,12.602,120.46566666666668,126.74516666666666,128.83841666666666,5.2675174734723935,10.059832750432145,120.82745864273755,124.56501320022923,0.7513062516307832,0.14515923578170098,0.1035344281729799,-10.324000000000012,5.912999999999997
1981-06-01,99.05,1.151,0.0,20.699,0.0,0.041,15.905,14.713,135.654,1981,6,2,152,1.2246467991473532e-16,-1.0,118.463,114.698,125.022,124.923,89.002,17.196,12.265,119.39433333333334,126.17283333333334,129.39041666666665,5.224632076360707,10.479745672804622,119.64522932136877,122.82158085730659,0.7301663990618485,0.15258671675094604,0.11724681047025443,3.7650000000000006,6.623999999999995
1981-07-01,111.044,1.113,0.0,22.324,0.0,0.034,16.815,15.668,150.184,1981,7,3,182,-0.4999999999999997,-0.8660254037844388,135.654,118.463,114.698,149.631,99.05,20.699,15.905,122.93833333333333,126.30933333333333,130.28466666666665,11.171836927441095,10.619538062772182,127.64961466068439,126.48798632664756,0.7393863035086092,0.14864431972484954,0.11196265168309197,17.191000000000003,10.730999999999995
1981-08-01,107.758,0.606,0.0,21.177,0.0,0.041,13.408,12.761,142.343,1981,8,3,213,-0.8660254037844385,-0.5000000000000004,150.184,135.654,118.463,149.303,111.044,22.324,16.815,134.76700000000002,127.61633333333333,130.33075,15.879091189359704,13.164928843965207,138.91680733034218,133.2582759476054,0.7570304997765609,0.1487744287548788,0.09419500121572531,14.530000000000001,0.5529999999999973
1981-09-01,95.891,0.487,0.0,17.651,0.0,0.04,12.98,12.453,126.522,1981,9,3,244,-1.0,-1.8369701987210297e-16,142.343,150.184,135.654,130.186,107.758,21.177,13.408,142.727,131.06066666666666,129.75075,7.272607304124118,13.978520632265319,140.62990366517107,135.8539113911467,0.7578997519878162,0.13950932331852772,0.10259084565602458,-7.841000000000008,-6.960000000000008
1981-10-01,94.541,0.478,0.0,16.399,0.0,0.046,13.444,12.919,124.385,1981,10,4,274,-0.8660254037844386,0.5000000000000001,126.522,142.343,150.184,119.708,95.891,17.651,12.98,139.683,131.31066666666666,129.44541666666666,12.053184682896042,13.861848327934744,133.57595183258553,133.18765099367621,0.7600674711526734,0.13184064542825538,0.1080837634695692,-15.820999999999984,-3.6640000000000015
1981-11-01,92.986,0.485,0.0,14.069,0.0,0.036,11.441,10.919,118.495,1981,11,4,305,-0.5000000000000004,0.8660254037844384,124.385,126.522,142.343,121.897,94.541,16.399,13.444,131.08333333333334,132.92516666666668,129.83516666666665,9.809524062528935,11.975798084748561,128.98047591629276,130.67260785262587,0.7847250276615023,0.11873073811293826,0.09655258900775653,-2.1370000000000005,4.677000000000007
1981-12-01,105.056,0.561,0.0,13.019,0.0,0.037,13.276,12.678,131.351,1981,12,4,335,-2.4492935982947064e-16,1.0,118.495,124.385,126.522,134.835,92.986,14.069,11.441,123.13400000000001,132.9305,129.55166666666668,4.157154435428388,11.968073976208556,123.73773795814638,127.1932913233042,0.7998111320194644,0.09911610120089674,0.10107269064775368,-5.890000000000001,-3.402000000000001
1982-01-01,113.136,1.331,0.0,12.952,0.0,0.031,17.348,15.986,143.436,1982,1,1,1,0.49999999999999994,0.8660254037844387,131.351,118.495,124.385,142.342,105.056,13.019,13.276,124.74366666666667,132.21333333333334,129.26133333333334,6.435500394944833,11.900969484317951,127.5443689790732,128.38120808807443,0.7887559058565558,0.09029810575461489,0.12094591867132945,12.855999999999995,-3.484000000000009
1982-02-01,97.313,0.604,0.0,11.988,0.0,0.029,12.697,12.064,121.997,1982,2,1,32,0.8660254037844386,0.5000000000000001,143.436,131.351,118.495,121.677,113.136,12.952,17.348,131.09400000000002,131.08866666666665,129.3525,12.472485999190432,10.035731257196307,135.4901844895366,132.68257720576744,0.7976670903655754,0.09826470337264823,0.10407632121475763,12.085000000000008,1.093999999999994
1982-03-01,95.335,0.555,0.0,13.431,0.0,0.014,11.277,10.709,120.043,1982,3,1,60,1.0,6.123233995736766e-17,121.997,143.436,131.351,125.022,97.313,11.988,12.697,132.26133333333334,127.69766666666668,129.37916666666666,10.748451531887493,8.838377762161263,128.7435922447683,129.62955514697674,0.7941736882472372,0.11188489858759788,0.09394132986168872,-21.439000000000007,0.3199999999999932
1982-04-01,86.587,0.482,0.0,13.42,0.0,0.033,9.389,8.874,109.395,1982,4,2,91,0.8660254037844387,-0.4999999999999998,120.043,121.997,143.436,114.698,95.335,13.431,11.277,128.492,126.61783333333334,128.96425,12.97870875703747,9.389356706754016,124.39329612238416,126.89053939069768,0.7915077662134681,0.12267469969608304,0.08582658386337731,-1.9539999999999935,-4.978999999999999
1982-05-01,90.83,0.422,0.0,14.046,0.0,0.037,8.356,7.896,113.232,1982,5,2,121,0.49999999999999994,-0.8660254037844387,109.395,120.043,121.997,118.463,86.587,13.42,9.389,117.145,124.1195,128.52233333333334,6.782433486588761,11.789745743653667,116.89414806119208,121.89181385049835,0.8021583296101518,0.12404619506445218,0.07379538701114641,-10.64800000000001,-5.302999999999997
1982-06-01,94.419,0.448,0.0,16.098,0.0,0.041,8.682,8.193,119.198,1982,6,2,152,1.2246467991473532e-16,-1.0,113.232,109.395,120.043,135.654,90.83,14.046,8.356,114.22333333333331,123.24233333333332,128.08641666666668,5.392775939470668,12.468172691564163,115.06307403059604,119.41758132178452,0.7921189288311106,0.13505259022361196,0.07283678645306244,3.8370000000000033,-5.2309999999999945
1982-07-01,109.995,0.579,0.0,19.221,0.0,0.034,11.289,10.676,140.505,1982,7,3,182,-0.4999999999999997,-0.8660254037844388,119.198,113.232,109.395,150.184,94.419,16.098,8.682,113.94166666666666,121.21683333333333,126.71508333333334,4.939880801530907,11.859737828749259,117.13053701529802,119.35484380127465,0.7828546469624108,0.1367993924202418,0.08034588944550802,5.965999999999994,-16.456000000000003
1982-08-01,109.179,0.448,0.0,19.688,0.0,0.039,9.836,9.35,138.703,1982,8,3,213,-0.8660254037844385,-0.5000000000000004,140.505,119.198,113.232,142.343,109.995,19.221,11.289,124.31166666666667,120.72833333333335,125.9085,14.337584257235736,10.771974000463706,128.81776850764902,125.39774557233903,0.7871422545192062,0.14194356705020314,0.0709141063341019,21.307000000000002,-9.679000000000002
1982-09-01,96.39,0.392,0.0,15.975,0.0,0.029,8.616,8.196,120.982,1982,9,3,244,-1.0,-1.8369701987210297e-16,138.703,140.505,119.198,126.522,109.179,19.688,9.836,132.802,123.51266666666668,125.60516666666666,11.81581199071824,13.077776365524313,133.7603842538245,129.19924683738503,0.7967300262245601,0.132044425448048,0.07121719997874064,-1.8019999999999925,-3.6399999999999864
1982-10-01,92.24,0.369,0.0,14.866,0.0,0.051,8.341,7.921,115.448,1982,10,4,274,-0.8660254037844386,0.5000000000000001,120.982,138.703,140.505,124.385,96.39,15.975,8.616,133.39666666666668,123.66916666666667,125.14350000000002,10.789103870726894,13.033494595336522,127.37119212691225,126.8514620267036,0.7989743608400006,0.12876791899661155,0.07224897163667005,-17.721000000000004,-5.540000000000006
1982-11-01,95.165,0.429,0.0,12.335,0.0,0.056,7.87,7.386,115.37,1982,11,4,305,-0.5000000000000004,0.8660254037844384,115.448,120.982,138.703,118.495,92.24,14.866,8.341,125.04433333333333,124.678,124.39875,12.148072700364189,11.891923191813838,121.40959606345612,123.59333001907399,0.8248677450925072,0.10691686687034178,0.06821530135951274,-5.534000000000006,-8.937000000000012
1982-12-01,101.367,0.466,0.0,11.694,0.0,0.067,9.421,8.888,122.481,1982,12,4,335,-2.4492935982947064e-16,1.0,115.37,115.448,120.982,131.351,95.165,12.335,7.87,117.26666666666667,125.03433333333334,124.13833333333334,3.2178093997832096,11.50613135100875,118.38979803172806,121.24380715648141,0.8276140113475551,0.09547602522219568,0.0769180463159146,-0.07799999999998875,-3.125
1983-01-01,105.965,0.473,0.0,11.3,0.0,0.051,10.793,10.268,128.058,1983,1,1,1,0.49999999999999994,0.8660254037844387,122.481,115.37,115.448,143.436,101.367,11.694,9.421,117.76633333333332,125.5815,123.39916666666669,4.083207358600976,11.248250259484799,120.43539901586402,121.59729082605816,0.8274765475427894,0.08824125878576436,0.0842821155818367,7.11099999999999,-8.870000000000005
1983-02-01,90.912,0.419,0.0,9.604,0.0,0.057,10.535,10.059,111.051,1983,2,1,32,0.8660254037844386,0.5000000000000001,128.058,122.481,115.37,121.997,105.965,11.3,10.793,121.96966666666667,123.50699999999999,122.11766666666665,6.359436479227796,8.834212675728367,124.24669950793201,123.44320773289868,0.818650816413106,0.08648277940020535,0.09486631413798037,5.576999999999998,-15.378000000000014
1983-03-01,93.568,0.403,0.0,11.284,0.0,0.051,10.448,9.994,115.299,1983,3,1,60,1.0,6.123233995736766e-17,111.051,128.058,122.481,120.043,90.912,9.604,10.535,120.52999999999999,118.89833333333333,121.20550000000001,8.669735463092277,6.115737687856315,117.648849753966,119.90257695207049,0.8115247476973132,0.09786727570340803,0.09061656296962133,-17.00699999999999,-10.945999999999998
1983-04-01,86.575,0.449,0.0,11.012,0.0,0.074,8.635,8.112,106.222,1983,4,2,91,0.8660254037844387,-0.4999999999999998,115.299,111.051,128.058,109.395,93.568,11.284,10.448,118.13600000000001,117.95116666666667,120.81016666666666,8.85132413822925,6.16833888228152,116.473924876983,118.58726925147892,0.8150382392500387,0.10366966318938985,0.08129200341812398,4.248000000000005,-4.744
1983-05-01,90.75,0.399,0.0,11.833,0.0,0.091,7.605,7.114,110.188,1983,5,2,121,0.49999999999999994,-0.8660254037844387,106.222,115.299,111.051,113.232,86.575,11.012,8.635,110.85733333333333,116.4135,120.54575,4.541597993364579,7.840446639063319,111.34796243849149,115.0543351796278,0.8235923309623252,0.10738917963941812,0.0690183986442808,-9.077000000000012,-3.173000000000002
1983-06-01,99.98,0.435,0.0,13.424,0.0,0.07,9.368,8.864,122.772,1983,6,2,152,1.2246467991473532e-16,-1.0,110.188,106.222,115.299,119.198,90.75,11.833,7.605,110.56966666666666,115.54983333333332,120.29208333333334,4.550520226670042,8.252944381653489,110.76798121924574,113.66395369973414,0.8143549983420488,0.10934088315406744,0.07630403705209354,3.966000000000008,-3.043999999999997
1983-07-01,119.945,0.61,0.0,17.026,0.0,0.077,12.271,11.584,149.242,1983,7,3,182,-0.4999999999999997,-0.8660254037844388,122.772,110.188,106.222,140.505,99.98,13.424,9.368,113.06066666666668,115.59833333333334,120.58991666666667,8.640878736178008,8.30252926924476,116.76999060962288,116.26625264266724,0.8036946165493215,0.11408315929274875,0.08222215715266767,12.584000000000003,3.5740000000000123
1983-08-01,126.652,0.657,0.0,19.05,0.0,0.073,12.433,11.702,158.134,1983,8,3,213,-0.8660254037844385,-0.5000000000000004,149.242,122.772,110.188,138.703,119.945,17.026,12.271,127.40066666666667,119.129,121.318,19.934195377123537,15.789359277690762,133.00599530481145,125.6878947447623,0.8009156284596843,0.1204674440368647,0.07862318801629074,26.469999999999985,8.736999999999995
1983-09-01,107.675,0.642,0.0,16.144,0.0,0.076,9.646,8.928,133.465,1983,9,3,244,-1.0,-1.8369701987210297e-16,158.134,149.242,122.772,120.982,126.652,19.05,12.433,143.38266666666667,126.97616666666666,122.93725,18.394743850712736,21.601792170249816,145.56999765240573,134.95821053197307,0.8067657583062406,0.12096054239234685,0.07227362437540746,8.891999999999996,19.430999999999983
1983-10-01,100.677,0.371,0.0,13.591,0.0,0.067,8.361,7.923,122.629,1983,10,4,274,-0.8660254037844386,0.5000000000000001,133.465,158.134,149.242,115.448,107.675,16.144,9.646,146.94699999999997,130.00383333333332,123.97749999999998,12.493604724017846,20.89945103983993,139.51749882620288,134.53157895140933,0.8209884431098319,0.11083021872230721,0.06818125662108827,-24.668999999999983,12.483000000000004
1983-11-01,101.663,0.458,0.0,11.578,0.0,0.052,7.788,7.278,121.029,1983,11,4,305,-0.5000000000000004,0.8660254037844384,122.629,133.465,158.134,115.37,100.677,13.591,8.361,138.076,132.73833333333332,124.57591666666667,18.196077791656098,18.043740728204515,131.07324941310145,131.13084210814952,0.8399886936198189,0.09566301500772417,0.06434820874763827,-10.835999999999999,7.181000000000012
1983-12-01,117.417,1.719,0.0,11.801,0.0,0.064,13.395,11.612,142.614,1983,12,4,335,-2.4492935982947064e-16,1.0,121.029,122.629,133.465,122.481,101.663,11.578,7.788,125.70766666666668,134.54516666666666,125.0475,6.76551293941065,15.728229212682095,126.05112470655072,128.2446015058211,0.8233202334048386,0.08274783101604113,0.09392485352596143,-1.6000000000000085,5.658999999999992
1984-01-01,119.436,0.927,0.0,11.738,0.0,0.073,13.258,12.259,144.431,1984,1,1,1,0.49999999999999994,0.8660254037844387,142.614,121.029,122.629,128.058,117.417,11.801,13.395,128.75733333333332,137.85216666666665,126.72525,12.026861948710204,14.817335083160753,134.33256235327536,132.35014393272937,0.8269415273077436,0.08127063571735736,0.09179469145857248,21.585000000000008,20.13300000000001
1984-02-01,103.635,0.434,0.0,10.227,0.0,0.064,8.469,7.971,122.331,1984,2,1,32,0.8660254037844386,0.5000000000000001,144.431,142.614,121.029,111.051,119.436,11.738,13.258,136.02466666666666,137.05033333333333,128.08966666666666,13.018367268338011,14.194803410638224,139.38178117663767,135.8018170948067,0.8471686778356526,0.08360104277729744,0.06923019764162823,1.8170000000000073,16.37300000000002
1984-03-01,108.149,0.433,0.0,11.255,0.0,0.056,9.047,8.558,128.451,1984,3,1,61,1.0,6.123233995736766e-17,122.331,144.431,142.614,115.299,103.635,10.227,8.469,136.45866666666666,131.08316666666667,129.02966666666666,12.26860205293718,10.639149635505035,130.85639058831885,131.95301221057622,0.8419474475132582,0.08762095370055868,0.07043152093549129,-22.10000000000001,11.280000000000001
1984-04-01,94.329,0.354,0.0,12.015,0.0,0.068,6.352,5.93,112.697,1984,4,2,92,0.8660254037844387,-0.4999999999999998,128.451,122.331,144.431,106.222,108.149,11.255,9.047,131.73766666666668,130.24750000000003,130.12566666666666,11.410702578427582,10.611528292380898,129.65369529415943,130.95243729326873,0.8370142206967158,0.10661329879115693,0.056363518428749794,6.11999999999999,13.151999999999987
1984-05-01,98.181,0.43,0.0,14.442,0.0,0.071,7.103,6.602,119.727,1984,5,2,122,0.49999999999999994,-0.8660254037844387,112.697,128.451,122.331,110.188,94.329,12.015,6.352,121.15966666666668,128.59216666666669,130.66525,7.9420491898081504,12.621888930214324,121.17534764707972,125.73659806662053,0.8200405238550599,0.12062441048181191,0.05932662980558856,-15.75399999999999,6.4750000000000085
1984-06-01,112.983,0.821,0.0,16.231,0.0,0.071,9.493,8.601,138.707,1984,6,2,153,1.2246467991473532e-16,-1.0,119.727,112.697,128.451,122.772,98.181,14.442,7.103,120.29166666666667,128.37516666666667,131.46016666666665,7.892164806523756,12.788022183538267,120.45117382353986,124.01957004758609,0.8145442685268756,0.11701643629979482,0.0684392230789201,7.030000000000001,9.539000000000001
1984-07-01,119.701,0.536,0.0,19.025,0.0,0.068,8.755,8.151,147.482,1984,7,3,183,-0.4999999999999997,-0.8660254037844388,138.707,119.727,112.697,149.242,112.983,16.231,9.493,123.71033333333334,127.724,132.78808333333333,13.454747613141341,11.992713237628926,129.57908691176993,128.21597860541863,0.8116311948826843,0.12899878432630527,0.05936317249812367,18.97999999999999,15.934999999999988
1984-08-01,125.724,0.649,0.0,19.063,0.0,0.061,10.785,10.075,155.571,1984,8,3,214,-0.8660254037844385,-0.5000000000000004,147.482,138.707,119.727,158.134,119.701,19.025,8.755,135.30533333333335,128.2325,132.6414166666667,14.18673705731287,12.875007848541301,138.53054345588498,133.72055614672757,0.8081454250377368,0.12253568322272895,0.06932525539301956,8.775000000000006,-1.759999999999991
1984-09-01,107.179,0.424,0.0,15.825,0.0,0.066,6.552,6.061,129.556,1984,9,3,245,-1.0,-1.8369701987210297e-16,155.571,147.482,138.707,133.465,125.724,19.063,10.785,147.25333333333336,133.7725,132.42783333333333,8.434325126134041,16.475711914815722,147.0507717279425,139.96354010480542,0.8272792593720661,0.12214794203680707,0.05057272140443349,8.088999999999999,-2.562999999999988
1984-10-01,108.583,0.411,0.0,14.694,0.0,0.06,6.639,6.167,129.916,1984,10,4,275,-0.8660254037844386,0.5000000000000001,129.556,155.571,147.482,122.629,107.179,15.825,6.552,144.203,133.95666666666668,132.10208333333335,13.31386258754393,16.410377334682693,138.30338586397124,136.98995721771814,0.8357938332619667,0.11310384301365167,0.05110224675157435,-26.014999999999986,-3.908999999999992
1984-11-01,107.546,0.565,0.0,13.317,0.0,0.054,7.823,7.205,128.686,1984,11,4,306,-0.5000000000000004,0.8660254037844384,129.916,129.556,155.571,121.029,108.583,14.694,6.639,138.34766666666667,136.8265,132.70933333333332,14.916930258378711,13.125854802640516,134.10969293198562,134.96882658408438,0.8357241008560293,0.10348444248135441,0.06079137895409143,0.3599999999999852,7.286999999999992
1984-12-01,112.167,0.488,0.0,11.83,0.0,0.062,6.742,6.192,130.739,1984,12,4,336,-2.4492935982947064e-16,1.0,128.686,129.916,129.556,142.614,107.546,13.317,7.823,129.386,138.31966666666668,133.34741666666665,0.6323764701502749,11.152917836452842,131.3978464659928,133.173733274346,0.8579459183605567,0.0904856171084667,0.05156838804271196,-1.2299999999999898,7.657000000000011
1985-01-01,125.429,1.057,0.0,12.381,0.0,0.055,10.314,9.202,148.124,1985,1,1,1,0.49999999999999994,0.8660254037844387,130.739,128.686,129.916,144.431,112.167,11.83,6.742,129.78033333333335,136.99166666666667,132.35783333333333,1.0332019808987556,11.564366453319774,131.0684232329964,132.47809519596143,0.8467837185882289,0.08358536877309762,0.06963084512767377,2.0529999999999973,-11.875
1985-02-01,109.359,0.568,0.0,11.106,0.0,0.051,7.916,7.297,128.382,1985,2,1,32,0.8660254037844386,0.5000000000000001,148.124,130.739,128.686,122.331,125.429,12.381,10.314,135.84966666666668,137.09866666666667,132.66558333333333,10.679332672659557,11.683200891308331,139.59621161649818,136.948353711401,0.8518249558485647,0.08650744757774083,0.06165972942782248,17.38499999999999,3.6929999999999836
1985-03-01,107.966,0.417,0.0,11.36,0.0,0.051,6.077,5.609,125.403,1985,3,1,60,1.0,6.123233995736766e-17,128.382,148.124,130.739,128.451,109.359,11.106,7.916,135.74833333333336,132.56716666666668,133.16983333333334,10.782240320700234,7.668534942651515,133.9891058082491,134.50082407957217,0.8609522211627934,0.09058793724329263,0.04845976185101139,-19.74199999999999,6.051000000000002
1985-04-01,100.317,0.388,0.0,12.773,0.0,0.049,5.173,4.736,118.263,1985,4,2,91,0.8660254037844387,-0.4999999999999998,125.403,128.382,148.124,112.697,107.966,11.36,6.077,133.96966666666668,131.875,132.91583333333332,12.34817696396248,8.165974920363183,129.69605290412454,131.90144577112298,0.8482533972372256,0.10800503048248136,0.043741487722999774,-2.978999999999999,-3.0479999999999876
1985-05-01,107.595,0.41,0.0,12.873,0.0,0.041,5.923,5.472,126.391,1985,5,2,121,0.49999999999999994,-0.8660254037844387,118.263,125.403,128.382,119.727,100.317,12.773,5.173,124.01600000000002,129.93283333333332,133.37966666666668,5.200131440646402,9.9220212339355,123.97952645206227,128.00474697937358,0.8512868122503332,0.10185059839303442,0.04686251023708094,-7.140000000000001,5.5660000000000025
1985-06-01,113.584,0.474,0.0,15.369,0.0,0.066,6.486,5.947,135.44,1985,6,2,152,1.2246467991473532e-16,-1.0,126.391,118.263,125.403,138.707,107.595,12.873,5.923,123.35233333333333,129.55033333333333,133.935,4.4350897773700675,10.02341936998881,125.18526322603114,127.54367641383827,0.8386295895873014,0.11347459292124978,0.047888360315389816,8.128,6.6640000000000015
1985-07-01,126.626,0.473,0.0,18.316,0.0,0.06,7.091,6.558,152.033,1985,7,3,182,-0.4999999999999997,-0.8660254037844388,135.44,126.391,118.263,147.482,113.584,15.369,6.486,126.69800000000002,130.33383333333333,133.66275000000002,8.592614212217343,10.31442379227589,130.31263161301558,129.79976886702732,0.8328849109808456,0.12047383657009751,0.04664118667386774,9.048999999999992,-3.266999999999996
1985-08-01,124.309,0.57,0.0,19.303,0.0,0.058,8.421,7.792,152.032,1985,8,3,213,-0.8660254037844385,-0.5000000000000004,152.033,135.44,126.391,155.571,126.626,18.316,7.091,137.95466666666667,130.98533333333333,134.042,13.004641568814332,11.694047899109487,141.1728158065078,136.15212061930524,0.8176501777487516,0.12696668287158736,0.05538965116622479,16.59299999999999,4.550999999999988
1985-09-01,111.9,0.417,0.0,14.994,0.0,0.074,6.433,5.942,133.327,1985,9,3,244,-1.0,-1.8369701987210297e-16,152.032,152.033,135.44,129.556,124.309,19.303,8.421,146.50166666666667,134.927,133.74708333333334,9.57968435457738,14.32981645381409,146.6024079032539,140.68922901378946,0.8392898033189224,0.11246033343131298,0.04824978824620758,-0.0009999999999763531,-3.5389999999999873
1985-10-01,108.331,0.413,0.0,13.588,0.0,0.072,6.459,5.974,128.379,1985,10,4,274,-0.8660254037844386,0.5000000000000001,133.327,152.032,152.033,129.916,111.9,14.994,6.433,145.79733333333334,136.24766666666667,134.06133333333332,10.79962547190108,13.62429197671086,139.96470395162694,138.5857350098496,0.8438373220045863,0.10584284767424207,0.05031196299145787,-18.705000000000013,3.7709999999999866
1985-11-01,107.034,0.435,0.0,12.57,0.0,0.072,5.919,5.412,125.524,1985,11,4,305,-0.5000000000000004,0.8660254037844384,128.379,133.327,152.032,128.686,108.331,13.588,6.459,137.91266666666667,137.93366666666668,133.93325000000002,12.475470184860137,11.397532744706993,134.17185197581347,135.66952500703542,0.852697424182035,0.10014020425255694,0.047154325296013086,-4.9480000000000075,-1.5370000000000061
1985-12-01,124.95,0.614,0.0,11.505,0.0,0.062,9.392,8.717,145.847,1985,12,4,335,-2.4492935982947064e-16,1.0,125.524,128.379,133.327,130.739,107.034,12.57,5.919,129.07666666666668,137.78916666666666,133.66975,3.948006627822859,11.57722034715882,129.84792598790673,132.77080357645386,0.8567196543830414,0.0788840306016558,0.06439624645030433,-2.8549999999999898,-3.162000000000006
1986-01-01,126.887,0.719,0.0,10.037,0.0,0.047,9.314,8.547,146.238,1986,1,1,1,0.49999999999999994,0.8660254037844387,145.847,125.524,128.379,148.124,124.95,11.505,9.392,133.25,139.52366666666668,134.92875,11.002320800631129,11.9291182183206,137.84746299395337,136.50685969746704,0.8676745532847445,0.06863468670012673,0.06369069163345425,20.323000000000008,15.108000000000004
1986-02-01,109.086,0.469,0.0,8.93356,0.0,0.046,7.934,7.42,125.584,1986,2,1,32,0.8660254037844386,0.5000000000000001,146.238,145.847,125.524,128.382,126.887,10.037,9.314,139.203,138.55783333333332,134.77158333333333,11.847974552639823,10.904321664673523,142.04273149697667,139.28718549819075,0.8686296925858634,0.07113612632691056,0.06317683278309077,0.39099999999999113,-1.8859999999999957
1986-03-01,106.803,0.395,0.0,9.247,0.0,0.071,8.437,7.971,124.488,1986,3,1,60,1.0,6.123233995736766e-17,125.584,146.238,145.847,125.403,109.086,8.93356,7.934,139.22299999999998,134.14983333333333,134.53841666666668,11.813338266552806,9.640597023352214,133.81336574848834,135.37198964156482,0.8579380455997329,0.07428024594497093,0.0677735952241505,-20.653999999999996,-2.798000000000002
1986-04-01,95.341,0.38,0.0,10.802,0.0,0.071,7.654,7.202,113.796,1986,4,2,91,0.8660254037844387,-0.4999999999999998,124.488,125.584,146.238,118.263,106.803,9.247,8.437,132.10333333333335,132.67666666666665,134.46216666666666,12.253240605380025,10.434157400895739,129.15068287424418,132.26227831540345,0.8378237514654511,0.09492424207140478,0.06726070624093058,-1.0960000000000036,-0.9150000000000063
1986-05-01,101.892,0.515,0.0,12.581,0.0,0.077,8.709,8.118,123.183,1986,5,2,121,0.49999999999999994,-0.8660254037844387,113.796,124.488,125.584,126.391,95.341,10.802,7.654,121.28933333333335,130.24616666666668,134.08991666666665,6.512513902736296,13.01479048493163,121.47334143712209,126.98619879671676,0.8271595246779567,0.10213259117470826,0.07069968496467166,-10.691999999999993,-4.466999999999999
1986-06-01,116.698,0.592,0.0,14.153,0.0,0.075,9.67,9.003,140.521,1986,6,2,152,1.2246467991473532e-16,-1.0,123.183,113.796,124.488,135.44,101.892,12.581,8.709,120.48900000000002,129.856,133.82258333333334,5.83291890908833,13.21816887469668,122.32817071856104,125.89957056908341,0.8304665615483408,0.1007180349756951,0.06881533231222861,9.387,-3.2079999999999984
1986-07-01,134.789,0.736,0.0,16.366,0.0,0.081,13.618,12.801,164.772,1986,7,3,182,-0.4999999999999997,-0.8660254037844388,140.521,123.183,113.796,152.033,116.698,14.153,9.67,125.83333333333333,128.96833333333333,134.246,13.55819332851296,12.057382579426864,131.4245853592805,130.0771218350596,0.8180333540872627,0.09932512202770362,0.08264753218705047,17.33799999999998,5.080999999999989
1986-08-01,122.28,0.49,0.0,15.016,0.0,0.097,12.79,12.203,150.086,1986,8,3,213,-0.8660254037844385,-0.5000000000000004,164.772,140.521,123.183,152.032,134.789,16.366,13.618,142.82533333333333,132.05733333333333,135.30758333333333,20.89003816016941,18.18412498490557,148.09829267964025,139.9899441678997,0.8147328321940198,0.10004929839896469,0.08521780277855343,24.251000000000005,12.739000000000004
1986-09-01,112.03,0.472,0.0,13.406,0.0,0.096,9.04,8.472,134.476,1986,9,3,244,-1.0,-1.8369701987210297e-16,150.086,164.772,140.521,133.327,122.28,15.016,12.79,151.793,136.141,135.14541666666668,12.215282927546205,19.16446077509099,149.09214633982015,142.8745315484998,0.833085395677638,0.09969064370663586,0.06722388625302014,-14.685999999999979,-1.945999999999998
1986-10-01,107.235,0.37,0.0,11.775,0.0,0.08,8.235,7.785,127.245,1986,10,4,274,-0.8660254037844386,0.5000000000000001,134.476,150.086,164.772,128.379,112.03,13.406,9.04,149.77800000000002,137.80566666666667,135.24116666666666,15.150348246822633,18.367013417174505,141.78407316991007,140.47495110607127,0.8427442459236711,0.09253800993846438,0.06471766554932094,-15.610000000000014,1.149000000000001
1986-11-01,107.317,0.458,0.0,10.149,0.0,0.105,8.814,8.251,126.28,1986,11,4,305,-0.5000000000000004,0.8660254037844384,127.245,134.476,150.086,125.524,107.235,11.775,8.235,137.269,140.04716666666667,135.14666666666668,11.673836430240137,15.437963355529408,134.51453658495504,136.6949650757652,0.8498336355849195,0.08036901485832951,0.0697972703676536,-7.2309999999999945,-1.1339999999999861
1986-12-01,117.127,0.507,0.0,9.519,0.0,0.116,9.933,9.31,136.58,1986,12,4,335,-2.4492935982947064e-16,1.0,126.28,127.245,134.476,145.847,107.317,10.149,8.814,129.3336666666667,140.56333333333333,135.20966666666666,4.479453128824426,14.79993077911748,130.39726829247752,133.71926076840373,0.857570591772544,0.06969541150275212,0.07272660179187275,-0.9650000000000034,0.7560000000000002
1987-01-01,124.043,0.561,0.0,10.061,0.0,0.086,10.094,9.446,144.198,1987,1,1,1,0.49999999999999994,0.8660254037844387,136.58,126.28,127.245,146.238,117.127,9.519,9.933,130.035,139.90650000000002,134.43741666666668,5.688635600915365,14.889367531900144,133.48863414623878,134.5366148345741,0.8602268505647199,0.06977211405344637,0.07000096603274898,10.300000000000011,-9.266999999999996
1987-02-01,106.754,0.489,0.0,8.93356,0.0,0.088,8.756,8.179,124.139,1987,2,1,32,0.8660254037844386,0.5000000000000001,144.198,136.58,126.28,125.584,124.043,10.061,10.094,135.686,136.4775,134.26741666666666,8.992391672964525,9.35993550725654,138.8433170731194,137.29701059612435,0.859955303332933,0.07196416340036867,0.0705338313878933,7.617999999999995,-2.039999999999992
1987-03-01,108.607,0.523,0.0,10.397,0.0,0.085,8.406,7.798,127.409,1987,3,1,60,1.0,6.123233995736766e-17,124.139,144.198,136.58,124.488,106.754,8.93356,8.756,134.97233333333335,132.153,134.147,10.12567599389468,7.653515166248836,131.4911585365597,133.53757899723166,0.8524279405357595,0.08160333401852819,0.0659764956968114,-20.05900000000001,-1.4450000000000074
1987-04-01,102.222,0.44,0.0,11.237,0.0,0.071,6.603,6.092,120.062,1987,4,2,91,0.8660254037844387,-0.4999999999999998,127.409,124.139,144.198,113.796,108.607,10.397,8.406,131.91533333333334,130.97516666666667,134.39041666666665,10.762023524102469,7.767456866096356,129.45007926827986,131.78655642659405,0.8514100338650002,0.09359330232768884,0.05499658051701783,3.2700000000000102,2.9210000000000065
1987-05-01,112.257,0.504,0.0,13.2,0.0,0.095,6.752,6.153,132.209,1987,5,2,121,0.49999999999999994,-0.8660254037844387,120.062,127.409,124.139,123.183,102.222,11.237,6.603,123.87,129.778,134.91258333333334,3.680879378627008,8.924693227220788,124.75603963413994,128.4366831618529,0.8490873655282647,0.09984190941298175,0.051070649420943394,-7.347000000000008,6.265999999999991
1987-06-01,126.2,0.599,0.0,15.419,0.0,0.08,8.795,8.116,150.415,1987,6,2,152,1.2246467991473532e-16,-1.0,132.209,120.062,127.409,140.521,112.257,13.2,6.752,126.56,130.76616666666666,135.66475,6.117843002235474,8.787100350324184,128.48251981706997,129.51448797275208,0.8390120108358867,0.10250971628429903,0.058471558124418566,12.147000000000006,9.025999999999996
1987-07-01,140.582,0.884,0.0,17.342,0.0,0.087,10.479,9.508,168.404,1987,7,3,182,-0.4999999999999997,-0.8660254037844388,150.415,132.209,120.062,164.772,126.2,15.419,8.795,134.22866666666667,133.072,136.48925,15.27695788870725,11.886466691157677,139.44875990853498,135.48606283768007,0.8347900979317535,0.10297854546337702,0.0622253591229805,18.20599999999999,9.894000000000005
1987-08-01,139.268,0.702,0.0,18.4,0.0,0.096,9.452,8.655,167.12,1987,8,3,213,-0.8660254037844385,-0.5000000000000004,168.404,150.415,132.209,150.086,140.582,17.342,10.479,150.34266666666667,137.10633333333334,136.79191666666665,18.097608414741828,18.61906403304602,153.92637995426747,144.89118774120004,0.8333412617675167,0.11010051997962421,0.05655815841562001,17.989000000000004,3.632000000000005
1987-09-01,117.773,0.394,0.0,14.572,0.0,0.095,6.441,5.952,138.786,1987,9,3,244,-1.0,-1.8369701987210297e-16,167.12,168.404,150.415,134.476,139.268,18.4,9.452,161.97966666666665,144.26983333333334,138.21141666666668,10.035850752842736,20.775571168241534,160.52318997713374,151.24227695800005,0.8485941774678873,0.10499617360568259,0.04640957687305802,-1.2839999999999918,17.033999999999992
1987-10-01,113.515,0.38,0.0,12.95,0.0,0.109,5.709,5.22,132.175,1987,10,4,274,-0.8660254037844386,0.5000000000000001,138.786,167.12,168.404,127.245,117.773,14.572,6.441,158.10333333333335,146.166,138.57058333333336,16.74161549353388,19.402751485292043,149.65459498856688,147.68334068428575,0.8588234644355237,0.09797616054653598,0.04319273363399026,-28.334000000000003,4.310000000000002
1987-11-01,111.217,0.557,0.0,11.79,0.0,0.084,8.07,7.428,131.077,1987,11,4,305,-0.5000000000000004,0.8660254037844384,132.175,138.786,167.12,126.28,113.515,12.95,5.709,146.02700000000002,148.18483333333333,138.98141666666666,18.563736612007826,16.566284814848178,140.91479749428345,143.25238620306126,0.8484859396777512,0.0899471234505578,0.06156686058066171,-6.61099999999999,4.930000000000007
1987-12-01,124.314,0.514,0.0,10.664,0.0,0.094,9.218,8.61,144.196,1987,12,4,335,-2.4492935982947064e-16,1.0,131.077,132.175,138.786,136.58,111.217,11.79,8.07,134.01266666666666,147.99616666666668,139.38116666666667,4.170124018939069,16.789556890122785,135.99589874714172,139.77370443075804,0.8621181681795494,0.07395488959784671,0.06392687287255729,-1.0980000000000132,4.796999999999997
1988-01-01,133.468,0.98,0.0,9.088,0.0,0.074,13.341,12.287,155.897,1988,1,1,1,0.49999999999999994,0.8660254037844387,144.196,131.077,132.175,144.198,124.314,10.664,9.218,135.816,146.95966666666666,140.01583333333335,7.278028647923788,16.8023249661072,140.09594937357087,141.03721745054148,0.8561293125506384,0.058294896098392134,0.08557572720605738,13.119,7.6159999999999854
1988-02-01,120.783,0.484,0.0,9.202,0.0,0.083,9.673,9.106,139.659,1988,2,1,32,0.8660254037844386,0.5000000000000001,155.897,144.196,131.077,124.139,133.468,9.088,13.341,143.72333333333333,144.87516666666667,140.99075000000002,12.416749185408124,14.181228965314295,147.99647468678543,145.28286960752962,0.8648421609175091,0.06588905363141269,0.06926155355103834,11.700999999999993,11.698999999999984
1988-03-01,115.584,0.445,0.0,11.065,0.0,0.11,7.992,7.438,134.642,1988,3,1,61,1.0,6.123233995736766e-17,139.659,155.897,144.196,127.409,120.783,9.202,9.673,146.58399999999997,140.29833333333332,142.28408333333334,8.378249757556786,9.079951974909823,143.8277373433927,143.676049719664,0.8584542075686482,0.0821808884166242,0.05935740264127073,-16.238,15.519999999999996
1988-04-01,106.49,0.343,0.0,10.811,0.0,0.101,6.207,5.763,123.508,1988,4,2,92,0.8660254037844387,-0.4999999999999998,134.642,139.659,155.897,120.062,115.584,11.065,7.992,143.39933333333332,139.60766666666666,142.88683333333333,11.110190202392285,9.37093881458356,139.23486867169635,141.09489265690286,0.8622112849199011,0.0875327843109123,0.050255849802777974,-5.016999999999996,7.23299999999999
1988-05-01,111.2,0.425,0.0,13.006,0.0,0.101,5.987,5.461,130.193,1988,5,2,122,0.49999999999999994,-0.8660254037844387,123.508,134.642,139.659,132.209,106.49,10.811,6.207,132.60299999999998,138.16316666666665,143.174,8.26630757956657,11.229494403875384,131.37143433584816,136.07006618350204,0.8541165151646773,0.0998978362970485,0.04598557172923492,-11.134,3.445999999999998
1988-06-01,128.537,0.791,0.0,15.197,0.0,0.129,8.244,7.324,151.977,1988,6,2,153,1.2246467991473532e-16,-1.0,130.193,123.508,134.642,150.415,111.2,13.006,5.987,129.44766666666666,138.01583333333335,143.006,5.6042957035949685,11.346252939480436,130.7822171679241,134.39090441678718,0.8457660800143391,0.0999953874602481,0.05424504666857177,6.6850000000000165,-2.015999999999991
1988-07-01,141.139,0.828,0.0,17.776,0.0,0.143,11.69,10.719,170.606,1988,7,3,183,-0.4999999999999997,-0.8660254037844388,151.977,130.193,123.508,168.404,128.537,15.197,8.244,135.226,139.31266666666667,143.13616666666667,14.886883723600443,12.572321450975899,141.37960858396207,139.41550315484798,0.8272803519641542,0.10419328135040495,0.06852044661263691,21.783999999999992,1.5620000000000118
1988-08-01,148.031,1.367,0.0,18.655,0.0,0.125,13.429,11.938,180.115,1988,8,3,214,-0.8660254037844385,-0.5000000000000004,170.606,151.977,130.193,167.12,141.139,17.776,11.69,150.92533333333336,141.76416666666668,143.31966666666668,20.227015210686247,17.079167537285567,155.99280429198103,148.32707368203427,0.8218693156111753,0.1035727116801648,0.07455791718857856,18.62899999999999,2.201999999999998
1988-09-01,121.057,0.428,0.0,12.613,0.0,0.095,8.248,7.725,141.918,1988,9,3,245,-1.0,-1.8369701987210297e-16,180.115,170.606,151.977,138.786,148.031,18.655,13.429,167.566,148.50683333333333,144.40258333333333,14.313209318667854,23.03068903369307,168.05390214599052,157.40933834431019,0.8530066057155113,0.08887525973623783,0.058118064085030494,9.509000000000015,12.995000000000005
1988-10-01,117.165,0.469,0.0,9.838,0.0,0.092,10.855,10.294,137.857,1988,10,4,275,-0.8660254037844386,0.5000000000000001,141.918,180.115,170.606,132.175,121.057,12.613,8.248,164.213,149.7195,144.66358333333332,19.884806737808645,22.3357065950465,154.98595107299525,152.98324167450727,0.8499023734810439,0.0713637993454232,0.07874100852760407,-38.197,3.132000000000005
1988-11-01,116.659,0.512,0.0,8.93356,0.0,0.095,12.099,11.492,136.908,1988,11,4,306,-0.5000000000000004,0.8660254037844384,137.857,141.918,180.115,131.077,117.165,9.838,10.855,153.29666666666668,152.11100000000002,145.13708333333332,23.313948235623535,19.564148261552404,146.4214755364976,148.66145833893376,0.8520976968403822,0.06525228144065494,0.08837320767426246,-4.061000000000007,5.681999999999988
1988-12-01,131.695,0.926,0.0,8.93356,0.0,0.111,15.097,14.061,154.24,1988,12,4,336,-2.4492935982947064e-16,1.0,136.908,137.857,141.918,144.196,116.659,8.93356,12.099,138.89433333333332,153.23016666666666,145.623,2.6612159501502424,18.20437731334612,141.6647377682488,145.3033273849527,0.8538316355140276,0.057919861390050474,0.09787992103994286,-0.9490000000000123,5.830999999999989
1989-01-01,132.233,0.898,0.031,8.93356,0.371,0.145,12.754,11.711,154.279,1989,1,1,1,0.49999999999999994,0.8660254037844387,154.24,136.908,137.857,155.897,131.695,8.93356,15.097,143.00166666666667,153.60733333333334,146.46,9.744242009173103,18.196662195761917,147.9523688841244,147.85666241782337,0.8571029850398962,0.05790521989997213,0.08266840706328099,17.332000000000022,10.044000000000011
1989-02-01,124.345,1.061,0.028,10.42,0.335,0.1,14.688,13.526,149.815,1989,2,1,32,0.8660254037844386,0.5000000000000001,154.279,154.24,136.908,139.659,132.233,8.93356,12.754,148.47566666666668,150.88616666666667,146.32516666666666,10.017912174367144,16.264443149603093,151.11568444206222,149.69161601273098,0.8299902659953765,0.06955244337666833,0.0980409105869966,0.03899999999998727,-1.617999999999995
1989-03-01,122.803,1.176,0.031,12.758,0.371,0.107,13.849,12.565,149.811,1989,3,1,60,1.0,6.123233995736766e-17,149.815,154.279,154.24,134.642,124.345,10.42,14.688,152.778,145.83616666666666,147.1715,2.566107363303357,7.955730699732794,150.4653422210311,149.72686858052214,0.8197194585364587,0.08516063004982076,0.09244313885875277,-4.463999999999999,10.156000000000006
1989-04-01,111.194,0.457,0.03,14.187,0.359,0.116,9.644,9.071,135.413,1989,4,2,91,0.8660254037844387,-0.4999999999999998,149.811,149.815,154.279,123.508,122.803,12.758,13.849,151.30166666666665,147.15166666666667,148.4355833333333,2.578447077861611,7.82984397460581,150.13817111051554,149.7509061289444,0.821147096575137,0.10476836752982596,0.07121915390552207,-0.003999999999990678,15.169000000000011
1989-05-01,115.915,0.665,0.031,15.128,0.371,0.109,8.498,7.723,139.943,1989,5,2,121,0.49999999999999994,-0.8660254037844387,135.413,149.811,149.815,130.193,111.194,14.187,9.644,145.013,146.74433333333334,149.42766666666668,8.313844116893208,8.4491683298814,142.77558555525778,145.65436152067457,0.8283014635743506,0.10810114774578593,0.06072471929823432,-14.397999999999996,11.905000000000015
1989-06-01,126.031,0.905,0.03,15.696,0.359,0.117,10.648,9.625,152.763,1989,6,2,152,1.2246467991473532e-16,-1.0,139.943,135.413,149.811,151.977,115.915,15.128,8.498,141.72233333333335,147.25016666666667,150.24016666666668,7.362073168159444,7.809119090311707,141.3592927776289,144.02254394333897,0.8250099287779156,0.10274738629462721,0.06970273759334802,4.530000000000001,9.75
1989-07-01,138.083,0.953,0.031,19.29,0.371,0.179,10.452,9.32,168.227,1989,7,3,182,-0.4999999999999997,-0.8660254037844388,152.763,139.943,135.413,170.606,126.031,15.696,10.648,142.70633333333333,147.004,150.30566666666667,8.99903513346476,7.564148041914836,147.06114638881445,146.519817102385,0.8208134948127532,0.11466648548291977,0.06213033210303149,12.819999999999993,0.7860000000000014
1989-08-01,139.614,0.669,0.031,18.679,0.371,0.177,9.411,8.565,168.106,1989,8,3,213,-0.8660254037844385,-0.5000000000000004,168.227,152.763,139.943,180.115,138.083,19.29,10.452,153.64433333333332,149.32866666666666,150.1074166666667,14.162581873843926,11.411812575865001,157.6440731944072,152.72186935884642,0.8305116515465449,0.1111144092944684,0.05598253149902255,15.463999999999999,-2.3789999999999907
1989-09-01,124.594,0.667,0.03,16.154,0.359,0.165,8.652,7.82,149.789,1989,9,3,244,-1.0,-1.8369701987210297e-16,168.106,168.227,152.763,141.918,139.614,18.679,9.411,163.032,152.37716666666668,149.10666666666668,8.893420657992017,13.767635561950001,162.8750365972036,157.11733525631888,0.8317966718653125,0.10784502814992902,0.05776124696998798,-0.12100000000000932,-12.009000000000015
1989-10-01,119.943,0.516,0.031,15.327,0.371,0.121,7.04,6.403,142.713,1989,10,4,274,-0.8660254037844386,0.5000000000000001,149.789,168.106,168.227,137.857,124.594,16.154,8.652,162.04066666666665,152.3735,149.76258333333334,10.610427057066685,13.768458588382494,156.33201829860178,155.02352518308493,0.840448954163324,0.10739735641480759,0.04932977028513378,-18.317000000000007,7.870999999999981
1989-11-01,120.824,0.649,0.03,11.41,0.359,0.101,9.63,8.88,142.253,1989,11,4,305,-0.5000000000000004,0.8660254037844384,142.713,149.789,168.106,136.908,119.943,15.327,7.04,153.536,153.59016666666665,150.16725,13.104622047201506,12.203583841096448,149.5225091493009,151.5062322736321,0.8493598834920962,0.08020919908830049,0.06769628284139648,-7.075999999999993,4.8559999999999945
1989-12-01,143.264,2.528,0.031,10.349,0.371,0.152,18.435,15.755,172.45,1989,12,4,335,-2.4492935982947064e-16,1.0,142.253,142.713,149.789,154.24,120.824,11.41,9.63,144.91833333333332,153.97516666666667,150.61266666666668,4.224386977223238,11.713531771701923,145.88775457465044,148.86245162402292,0.8307566929106007,0.06001159408456979,0.10690054468538447,-0.46000000000000796,5.344999999999999
1990-01-01,132.923,0.589,0.033,9.182,0.492,0.153,9.988,9.246,152.617,1990,1,1,1,0.49999999999999994,0.8660254037844387,172.45,142.253,142.713,154.279,143.264,10.349,18.435,152.472,157.25633333333334,152.13016666666667,17.302984222381976,13.865698131239915,159.16887728732522,155.60175116001636,0.8709579620253339,0.06016367376087371,0.06544486751509547,30.197000000000003,18.20999999999998
1990-02-01,116.26,0.464,0.029,8.93356,0.445,0.236,8.165,7.465,133.194,1990,2,1,32,0.8660254037844386,0.5000000000000001,152.617,172.45,142.253,149.815,132.923,9.182,9.988,155.7733333333333,154.65466666666666,151.99166666666667,15.343941225556517,12.820637997645449,155.8929386436626,154.7489651142974,0.8728620754041417,0.06707178498492537,0.06130155552791,-19.833,-1.6620000000000061
1990-03-01,121.806,0.436,0.033,11.59,0.492,0.236,8.793,8.122,142.714,1990,3,1,60,1.0,6.123233995736766e-17,133.194,152.617,172.45,149.811,116.26,8.93356,8.165,152.75366666666665,148.83599999999998,150.60658333333333,19.628356842418903,13.403912473602794,144.5434693218313,148.59040365306956,0.8534971443938826,0.08121136810604648,0.06161273164421628,-19.423000000000002,-16.62100000000001
1990-04-01,115.909,0.493,0.032,12.53,0.476,0.231,8.752,8.028,137.7,1990,4,2,91,0.8660254037844387,-0.4999999999999998,142.714,133.194,152.617,135.413,121.806,11.59,8.793,142.84166666666667,147.65683333333334,150.01516666666666,9.712129340846605,13.612879334169955,143.62873466091565,146.91143118076397,0.841750120424828,0.09099490987691286,0.06355845580548615,9.52000000000001,-7.097000000000008
1990-05-01,118.556,0.546,0.033,15.351,0.492,0.29,8.208,7.372,142.64,1990,5,2,121,0.49999999999999994,-0.8660254037844387,137.7,142.714,133.194,139.943,115.909,12.53,8.752,137.86933333333334,146.82133333333334,150.20575,4.762258427819062,14.121339166901686,140.66436733045782,144.2795937005457,0.8311552978718945,0.10762057574168708,0.057543462034249725,-5.01400000000001,2.2869999999999777
1990-06-01,130.719,0.74,0.032,18.698,0.476,0.251,11.414,10.422,161.339,1990,6,2,152,1.2246467991473532e-16,-1.0,142.64,137.7,142.714,152.763,118.556,15.351,8.208,141.018,146.88583333333332,150.43049999999997,2.8737104934213784,14.097162954533495,141.6521836652289,143.81113835753263,0.8102132274147461,0.11589261642302132,0.0707454446385905,4.939999999999998,2.6969999999999743
1990-07-01,143.146,0.769,0.033,20.507,0.492,0.281,11.18,10.13,175.357,1990,7,3,182,-0.4999999999999997,-0.8660254037844388,161.339,142.64,137.7,168.227,130.719,18.698,11.414,147.22633333333332,145.034,151.14516666666665,12.469018418998877,10.280483510030313,151.49559183261445,148.819098826809,0.8163118200977536,0.11694428412072036,0.06375564911833294,18.699000000000012,8.575999999999993
1990-08-01,146.257,0.771,0.033,21.59,0.492,0.273,9.493,8.449,177.864,1990,8,3,213,-0.8660254037844385,-0.5000000000000004,175.357,161.339,142.64,168.106,143.146,20.507,11.18,159.77866666666668,148.82399999999998,151.73933333333332,16.414216470283698,16.150786643380705,163.42629591630723,156.40135630486358,0.8222967648148718,0.1213848715094189,0.05337223646312708,14.018,7.1299999999999955
1990-09-01,134.042,0.628,0.032,18.936,0.476,0.297,7.009,6.084,160.495,1990,9,3,244,-1.0,-1.8369701987210297e-16,177.864,175.357,161.339,149.789,146.257,21.59,9.493,171.51999999999998,156.269,152.55249999999998,8.905662973636419,17.723973008329803,170.64514795815361,162.5335402177597,0.8351786139643843,0.11798497660456857,0.04367113968216208,2.507000000000005,9.75800000000001
1990-10-01,128.8,0.565,0.033,16.165,0.492,0.326,6.336,5.445,151.825,1990,10,4,274,-0.8660254037844386,0.5000000000000001,160.495,177.864,175.357,142.713,134.042,18.936,7.009,171.23866666666666,159.2325,153.44466666666665,9.388346091475952,16.4445927495941,165.57007397907682,161.95110015554263,0.8483450783240523,0.10647125924773528,0.04173225478463661,-17.369,10.706000000000017
1990-11-01,122.119,0.433,0.032,11.632,0.476,0.231,5.452,4.788,139.711,1990,11,4,305,-0.5000000000000004,0.8660254037844384,151.825,160.495,177.864,142.253,128.8,16.165,6.336,163.39466666666667,161.58666666666667,154.20399999999998,13.259465688078532,13.491427273149018,158.6975369895384,159.05792868253045,0.8740828657669856,0.08325757576299819,0.039023409822890834,-8.670000000000016,9.111999999999995
1990-12-01,137.027,0.625,0.033,11.017,0.492,0.296,6.976,6.055,155.545,1990,12,4,335,-2.4492935982947064e-16,1.0,139.711,151.825,160.495,172.45,122.119,11.632,5.452,150.677,161.0985,153.99216666666666,10.439448836025692,14.340375333302909,149.20426849476922,153.53023477323603,0.8809475790962371,0.07082837308634973,0.04484875471093544,-12.113999999999976,-2.541999999999973
1991-01-01,143.148,0.529,0.034,11.135,0.612,0.306,7.962,7.127,162.891,1991,1,1,1,0.49999999999999994,0.8660254037844387,155.545,139.711,151.825,152.617,137.027,11.017,6.976,149.02700000000002,160.1328333333333,152.58341666666666,8.279522449996616,14.514959681882326,152.37463424738462,154.10588198088288,0.8787961963032828,0.06835859142871052,0.04887930893178206,15.833999999999975,-16.905
1991-02-01,117.505,0.358,0.031,9.406,0.553,0.236,7.387,6.793,134.881,1991,2,1,32,0.8660254037844386,0.5000000000000001,162.891,155.545,139.711,133.194,143.148,11.135,7.962,152.71566666666666,158.05516666666665,153.43958333333333,11.846178511795745,12.675585294836292,157.6328171236923,156.61591570063064,0.8711752677415449,0.06973553949514465,0.05476679037323341,7.346000000000004,10.274000000000001
1991-03-01,118.823,0.369,0.034,12.394,0.612,0.302,7.422,6.751,139.285,1991,3,1,60,1.0,6.123233995736766e-17,134.881,162.891,155.545,142.714,117.505,9.406,7.387,151.10566666666668,150.89133333333334,153.58016666666666,14.523112109094638,11.314427845307584,146.25690856184616,150.40593978616474,0.8530925187139664,0.08898301403718893,0.05328642328417107,-28.00999999999999,1.6870000000000118
1991-04-01,111.147,0.454,0.033,13.853,0.592,0.3,6.82,6.067,132.445,1991,4,2,91,0.8660254037844387,-0.4999999999999998,139.285,134.881,162.891,137.7,118.823,12.394,7.422,145.68566666666666,147.35633333333334,153.29441666666665,15.062085690014214,11.023435012130856,142.7709542809231,147.2285284186891,0.8391935641818443,0.10459435202579546,0.051493068708288826,4.403999999999996,-3.429000000000002
1991-05-01,122.745,0.809,0.034,16.015,0.612,0.273,9.232,8.15,148.637,1991,5,2,121,0.49999999999999994,-0.8660254037844387,132.445,139.285,134.881,142.64,111.147,13.853,6.82,135.537,144.12633333333335,152.8565,3.4668648661286348,12.225891193147156,137.60797714046154,143.0046631562065,0.8258037483396632,0.10774570882447111,0.06211104488713813,-6.840000000000003,-5.2549999999999955
1991-06-01,131.945,0.5,0.033,16.708,0.592,0.208,9.365,8.656,158.642,1991,6,2,152,1.2246467991473532e-16,-1.0,148.637,132.445,139.285,161.339,122.745,16.015,9.232,140.12233333333333,145.614,153.35625,8.128410750776002,12.123812189241724,143.12248857023076,144.6139022544332,0.8317153823252743,0.10531888747501371,0.059032282810839325,16.192000000000007,5.997000000000014
1991-07-01,144.042,0.543,0.034,21.173,0.612,0.255,9.436,8.639,175.298,1991,7,3,182,-0.4999999999999997,-0.8660254037844388,158.642,148.637,132.445,175.357,131.945,16.708,9.365,146.57466666666667,146.13016666666667,153.1315,13.219705606908638,12.684159923568954,150.88224428511538,148.621930181738,0.8216978618296922,0.12078288852223706,0.05382833495942139,10.004999999999995,-2.6970000000000027
1991-08-01,144.107,0.615,0.034,21.028,0.612,0.233,9.862,9.014,175.643,1991,8,3,213,-0.8660254037844385,-0.5000000000000004,175.298,158.642,148.637,177.864,144.042,21.173,9.436,160.859,148.19799999999998,153.12658333333334,13.468056541312862,16.42328179140837,163.09012214255768,156.24366441552715,0.8204539423458981,0.11972010727896315,0.05614797878947759,16.656000000000006,-0.0589999999999975
1991-09-01,129.099,0.519,0.033,16.879,0.592,0.214,7.333,6.6,153.936,1991,9,3,244,-1.0,-1.8369701987210297e-16,175.643,175.298,158.642,160.495,144.107,21.028,9.862,169.861,154.99166666666665,152.9415,9.717470195477919,18.15259220790989,169.36656107127885,161.78633172537653,0.8386536717432131,0.10964945758955295,0.04763667708419882,0.34499999999999886,-2.2210000000000036
1991-10-01,124.058,0.402,0.034,16.907,0.612,0.207,5.501,4.892,147.112,1991,10,4,274,-0.8660254037844386,0.5000000000000001,153.936,175.643,175.298,151.825,129.099,16.879,7.333,168.29233333333335,157.4335,152.39491666666666,12.434145983272613,16.530110547119868,161.65128053563944,159.54337980384037,0.8432894092059514,0.11492603493079864,0.03739327604863804,-21.706999999999994,-6.5589999999999975
1991-11-01,127.928,0.511,0.033,12.719,0.592,0.217,6.733,6.006,148.006,1991,11,4,305,-0.5000000000000004,0.8660254037844384,147.112,153.936,175.643,139.711,124.058,16.907,5.501,158.89700000000002,159.878,152.00216666666668,14.898427131747807,12.747372450823073,154.3816402678197,155.99155700274312,0.8643432790330609,0.08593569950301341,0.045491395923719584,-6.824000000000012,-4.712999999999994
1991-12-01,133.633,0.51,0.034,10.925,0.612,0.243,7.576,6.823,152.78,1991,12,4,335,-2.4492935982947064e-16,1.0,148.006,147.112,153.936,155.545,127.928,12.719,6.733,149.68466666666666,159.77283333333332,152.69341666666665,3.708798367845111,12.86075786906315,151.19382013390987,153.70996928767366,0.874675947461975,0.0715080461115299,0.04958763911587648,0.8940000000000055,8.294999999999987
1992-01-01,137.39,0.513,0.034,11.401,0.718,0.327,8.843,8.003,158.386,1992,1,1,1,0.49999999999999994,0.8660254037844387,152.78,148.006,147.112,162.891,133.633,10.925,7.576,149.29933333333335,158.79583333333332,152.463,3.047308539240892,13.182482503939463,151.98691006695492,153.44426377690974,0.867437723824219,0.07198236763461621,0.05583195131943787,4.774000000000001,-2.7649999999999864
1992-02-01,121.125,0.375,0.032,11.481,0.672,0.351,7.17,6.443,140.479,1992,2,1,32,0.8660254037844386,0.5000000000000001,158.386,152.78,148.006,134.881,137.39,11.401,8.843,153.05733333333333,155.97716666666668,152.08758333333333,5.195554381712415,10.479183105885253,155.18645503347744,154.85618841207838,0.8622284567637541,0.0817275121742387,0.05103965353969962,5.6059999999999945,-4.5049999999999955
1992-03-01,126.201,0.393,0.034,13.993,0.718,0.383,7.605,6.829,148.551,1992,3,1,61,1.0,6.123233995736766e-17,140.479,158.386,152.78,139.285,121.125,11.481,7.17,150.54833333333332,150.1165,152.55408333333332,9.159716935218608,6.267855765730893,147.83272751673871,150.7484202943417,0.849546563163724,0.09419659953843465,0.05119453580288684,-17.906999999999982,5.598000000000013
1992-04-01,118.33,0.377,0.033,15.434,0.695,0.302,5.705,5.025,140.197,1992,4,2,92,0.8660254037844387,-0.4999999999999998,148.551,140.479,158.386,132.445,126.201,13.993,7.605,149.1386666666667,149.219,153.32625000000002,8.967952739244918,5.990980754434643,148.19186375836935,150.1205859245298,0.8440265594822599,0.11008793982125581,0.04069273659973205,8.071999999999974,9.265999999999991
1992-05-01,121.946,0.392,0.034,15.916,0.718,0.23,4.626,4.003,143.24,1992,5,2,122,0.49999999999999994,-0.8660254037844387,140.197,148.551,140.479,148.637,118.33,15.434,5.705,143.07566666666665,148.0665,153.97225,4.7438736632977445,7.049067307098625,144.19443187918466,147.28527566037843,0.8513403482728045,0.11111420614952483,0.03229544594418836,-8.353999999999985,7.7520000000000095
1992-06-01,129.054,0.501,0.033,17.908,0.695,0.302,6.559,5.756,154.249,1992,6,2,153,1.2246467991473532e-16,-1.0,143.24,140.197,148.551,158.642,121.946,15.916,4.626,143.99599999999998,147.27216666666666,153.5225,4.227999645221924,7.320551875826956,143.71721593959234,146.12948261455603,0.8366601510116661,0.1160979898671635,0.04252215297848589,3.0430000000000064,-5.396999999999991
1992-07-01,148.563,0.665,0.034,22.47,0.718,0.333,7.547,6.549,179.331,1992,7,3,183,-0.4999999999999997,-0.8660254037844388,154.249,143.24,140.197,175.298,129.054,17.908,6.559,145.89533333333335,147.517,153.15641666666667,7.39275133717685,7.562178442750925,148.98310796979615,148.44934472468287,0.8284289482337717,0.1252990210672432,0.042084188339763434,11.008999999999986,-4.393000000000001
1992-08-01,142.166,0.471,0.034,20.368,0.718,0.531,6.371,5.369,169.657,1992,8,3,214,-0.8660254037844385,-0.5000000000000004,179.331,154.249,143.24,175.643,148.563,22.47,7.547,158.94000000000003,151.00783333333334,153.49249999999998,18.497139805926665,14.87825691963518,164.15705398489808,157.2726748033449,0.8379612489928945,0.1200539842120287,0.03755223553686346,25.081999999999994,4.032999999999987
1992-09-01,132.766,0.395,0.033,18.422,0.695,0.449,6.137,5.292,158.052,1992,9,3,245,-1.0,-1.8369701987210297e-16,169.657,179.331,154.249,153.936,142.166,20.368,6.371,167.74566666666666,155.8708333333333,152.99366666666666,12.649765900337066,15.50390348804683,166.90702699244906,160.81105343096064,0.8400146255653439,0.11655656894208433,0.03882899053292647,-9.673999999999978,-5.98599999999999
1992-10-01,126.405,0.369,0.034,14.309,0.718,0.476,6.136,5.291,147.602,1992,10,4,275,-0.8660254037844386,0.5000000000000001,158.052,169.657,179.331,147.112,132.766,18.422,6.137,169.01333333333332,157.45433333333332,153.33666666666667,10.654092656502025,15.086336939982154,162.4795134962245,160.02275245068617,0.8563907767922673,0.09694312428401211,0.04157124960561174,-11.605000000000018,4.1159999999999854
1992-11-01,126.014,0.467,0.033,12.745,0.695,0.426,6.121,5.228,145.608,1992,11,4,306,-0.5000000000000004,0.8660254037844384,147.602,158.052,169.657,148.006,126.405,14.309,6.136,158.43699999999998,158.6885,153.3775,11.032539372238677,13.624255763160168,155.04075674811224,156.4739660362044,0.8654331585192325,0.08752952533311868,0.04203752252365787,-10.449999999999989,0.4900000000000091
1992-12-01,139.605,0.46,0.034,11.833,0.718,0.485,5.88,4.934,158.07,1992,12,4,336,-2.4492935982947064e-16,1.0,145.608,147.602,158.052,152.78,126.014,12.745,6.121,150.42066666666668,159.08316666666667,153.17766666666668,6.683707454200049,13.111906671673255,150.32437837405612,153.36940431157456,0.8831846091488195,0.07485923484157432,0.037198707079223944,-1.9939999999999998,-2.397999999999996
1993-01-01,139.269,0.487,0.035,11.506,0.73,0.608,6.562,5.467,158.102,1993,1,1,1,0.49999999999999994,0.8660254037844387,158.07,145.608,147.602,158.386,139.605,11.833,5.88,150.42666666666668,159.72,153.6185,6.693983666945215,12.92156710310335,154.19718918702807,154.7124316511247,0.880880641555411,0.07277579835955279,0.041504848673334385,12.461999999999989,5.289999999999992
1993-02-01,128.056,0.449,0.032,11.339,0.659,0.532,6.329,5.348,146.415,1993,2,1,32,0.8660254037844386,0.5000000000000001,158.102,158.07,145.608,140.479,139.269,11.506,6.562,153.92666666666665,156.18183333333334,153.59483333333336,7.204194426396996,8.691942761354946,156.14959459351405,155.68087975080334,0.8746097821527998,0.07744424564120851,0.04322644242554093,0.03200000000001069,-0.2839999999999918
1993-03-01,134.599,0.614,0.035,13.567,0.73,0.569,7.652,6.469,156.583,1993,3,1,60,1.0,6.123233995736766e-17,146.415,158.102,158.07,148.551,128.056,11.339,6.329,154.19566666666665,152.30816666666666,154.08950000000002,6.73827398770112,6.348677040665404,151.282297296757,153.03348553628808,0.8596015621362751,0.08664413846687453,0.04886864800976811,-11.687000000000012,5.935999999999979
1993-04-01,119.596,0.393,0.034,12.165,0.706,0.517,4.771,3.86,137.272,1993,4,2,91,0.8660254037844387,-0.4999999999999998,156.583,146.415,158.102,140.197,134.599,13.567,7.652,153.70000000000002,152.06333333333333,154.75883333333334,6.354546325269506,6.1065770990524735,153.93264864837852,154.04763252592005,0.8712336914131293,0.0886196683504525,0.034755810743938256,10.168000000000006,8.03200000000001
1993-05-01,120.469,0.417,0.035,11.674,0.73,0.565,4.889,3.907,137.797,1993,5,2,121,0.49999999999999994,-0.8660254037844387,137.272,156.583,146.415,143.24,119.596,12.165,4.771,146.75666666666666,150.34166666666667,154.51508333333334,9.660032729412917,8.573758211348906,145.60232432418925,149.25459466137147,0.8742497388005733,0.08471881937060897,0.03547972485034327,-19.311000000000007,-2.9250000000000114
1993-06-01,136.697,0.496,0.034,17.813,0.706,0.643,7.088,5.949,162.339,1993,6,2,152,1.2246467991473532e-16,-1.0,137.797,137.272,156.583,154.249,120.469,11.674,4.889,143.884,149.03983333333335,154.0615,11.000788926254113,9.923095190850141,141.69966216209463,145.98099618669391,0.8420465296665294,0.10972716908893308,0.04366171753788569,0.5250000000000057,-5.443000000000012
1993-07-01,157.967,0.873,0.035,23.371,0.73,0.823,10.246,8.549,192.348,1993,7,3,182,-0.4999999999999997,-0.8660254037844388,162.339,137.797,137.272,179.331,136.697,17.813,7.088,145.80266666666665,149.75133333333335,154.73566666666667,14.323290345913147,10.813192140467727,152.0193310810473,150.65471156192422,0.8212562219905473,0.12150372650073166,0.05326803225050262,24.542,8.090000000000003
1993-08-01,156.392,0.752,0.035,24.98,0.73,0.736,10.619,9.13,192.755,1993,8,3,213,-0.8660254037844385,-0.5000000000000004,192.348,162.339,137.797,169.657,157.967,23.371,10.246,164.16133333333332,155.45899999999997,155.82041666666666,27.32111956588404,20.658670073361563,172.18366554052366,162.56707968708872,0.811351155023156,0.1295945563230756,0.05509065626880463,30.009000000000015,13.017000000000024
1993-09-01,133.435,0.495,0.034,18.068,0.706,0.846,8.795,7.453,161.038,1993,9,3,244,-1.0,-1.8369701987210297e-16,192.755,192.348,162.339,158.052,156.392,24.98,10.619,182.48066666666668,163.18233333333333,157.74525,17.444382027843055,24.840296533388415,182.46933277026181,171.19219977649195,0.8285931998290341,0.11219711420924787,0.05461443543670218,0.40699999999998226,23.097999999999985
1993-10-01,130.321,0.431,0.035,16.399,0.73,0.734,6.892,5.727,154.377,1993,10,4,274,-0.8660254037844386,0.5000000000000001,161.038,192.755,192.348,147.602,133.435,18.068,8.795,182.04700000000003,163.92483333333334,157.99408333333335,18.19546572638359,24.669579594445224,171.7536663851309,168.2909998403514,0.8441736240389679,0.10622695698018765,0.044643953137840926,-31.716999999999985,2.9860000000000184
1993-11-01,131.799,0.426,0.034,14.571,0.706,0.666,6.829,5.737,153.94,1993,11,4,305,-0.5000000000000004,0.8660254037844384,154.377,161.038,192.755,145.608,130.321,16.399,6.892,169.39000000000001,166.77566666666667,158.55866666666665,20.50694148331235,21.79433357243729,163.06533319256545,164.3155713145367,0.8561711799291166,0.0946537550569212,0.04436143664015612,-6.661000000000001,6.775000000000006
1993-12-01,143.919,0.493,0.035,12.21,0.73,0.791,9.225,7.941,166.119,1993,12,4,335,-2.4492935982947064e-16,1.0,153.94,154.377,161.038,158.07,131.799,14.571,6.829,156.45166666666668,169.46616666666668,159.25300000000001,3.9778866667273998,18.20177658819782,158.50266659628272,161.35112236752622,0.8663608096388247,0.07350152158985296,0.05553247638545401,-0.4370000000000118,8.331999999999994
1994-01-01,153.119,1.992,0.033,12.013,0.792,0.91,13.449,10.547,179.406,1994,1,1,1,0.49999999999999994,0.8660254037844387,166.119,153.94,154.377,158.102,143.919,12.21,9.225,158.14533333333335,170.09616666666668,159.92375,6.908853908813522,17.9696910092151,162.31083329814135,162.71337311966158,0.853477539576294,0.06695985268275015,0.07496404384669164,12.179000000000002,8.049000000000007
1994-02-01,131.25,0.75,0.029,10.546,0.715,0.716,8.939,7.473,151.48,1994,2,1,32,0.8660254037844386,0.5000000000000001,179.406,166.119,153.94,146.415,153.119,12.013,13.449,166.48833333333334,167.9391666666667,161.69908333333333,12.73701669675163,15.35032241246635,170.85841664907068,167.48269508547256,0.866450959436826,0.06961974718644394,0.059011086677377436,13.287000000000006,21.304000000000002
1994-03-01,132.54,0.545,0.033,13.143,0.792,0.76,7.42,6.115,153.927,1994,3,1,60,1.0,6.123233995736766e-17,151.48,179.406,166.119,156.583,131.25,10.546,8.939,165.66833333333332,161.06000000000003,162.12116666666665,13.968453541223864,10.481440454441483,161.16920832453533,162.91049648962326,0.8610574583369092,0.08538462482965141,0.04820466531507368,-27.926000000000016,5.064999999999998
1994-04-01,120.392,0.559,0.032,14.407,0.766,0.575,7.025,5.891,142.622,1994,4,2,91,0.8660254037844387,-0.4999999999999998,153.927,151.48,179.406,137.272,132.54,13.143,7.42,161.60433333333333,159.87483333333333,161.89983333333333,15.465169069018563,10.878919567984203,157.54810416226766,160.34378320687375,0.8441333844614866,0.10101526405356367,0.04925607204666376,2.4470000000000027,-2.656000000000006
1994-05-01,126.496,0.625,0.033,15.25,0.792,0.476,6.362,5.261,148.932,1994,5,2,121,0.49999999999999994,-0.8660254037844387,142.622,153.927,151.48,137.797,120.392,14.407,7.025,149.343,157.91566666666668,162.34566666666666,5.94775865347539,12.93180990684097,150.08505208113382,155.28041657633838,0.8493540105985274,0.10239571734780187,0.04271747893552233,-11.304999999999978,5.350000000000023
1994-06-01,146.639,1.005,0.032,22.498,0.766,0.579,9.097,7.513,179.032,1994,6,2,152,1.2246467991473532e-16,-1.0,148.932,142.622,153.927,162.339,126.496,15.25,6.362,148.49366666666666,157.08100000000002,163.27358333333333,5.665232416531956,13.393124116501118,149.5085260405669,153.4665832688131,0.819065819570478,0.1256646786236718,0.050812142476644256,6.309999999999974,11.134999999999991
1994-07-01,153.375,0.822,0.033,25.59,0.792,0.622,8.594,7.15,188.384,1994,7,3,182,-0.4999999999999997,-0.8660254037844388,179.032,148.932,142.622,192.348,146.639,22.498,9.097,156.862,159.23316666666668,164.66466666666668,19.457278843661406,15.93266391306457,164.27026302028344,160.7709880491522,0.8141614566968821,0.13583955453544067,0.045619583105806064,30.100000000000023,16.693000000000012
1994-08-01,151.757,0.548,0.033,26.995,0.792,0.533,5.653,4.572,185.229,1994,8,3,213,-0.8660254037844385,-0.5000000000000004,188.384,179.032,148.932,192.755,153.375,25.59,8.594,172.11599999999999,160.7295,164.33433333333335,20.615246008718838,18.431726427548853,176.32713151014173,168.6604200351087,0.8192939108188291,0.14573851039856014,0.030518977561884066,9.351999999999975,-3.964000000000027
1994-09-01,133.235,0.467,0.032,20.897,0.766,0.505,4.708,3.735,159.637,1994,9,3,244,-1.0,-1.8369701987210297e-16,185.229,188.384,179.032,161.038,151.757,26.995,5.653,184.215,166.35433333333333,163.70716666666667,4.757743477742494,20.11706959441827,180.77806575507088,173.39430002507765,0.8346122243206635,0.13090322851824898,0.029491907922855734,-3.1549999999999727,-7.525999999999982
1994-10-01,129.229,0.435,0.033,18.636,0.792,0.503,4.311,3.373,153.001,1994,10,4,274,-0.8660254037844386,0.5000000000000001,159.637,185.229,188.384,154.377,133.235,20.897,4.708,177.75,167.306,163.59041666666667,15.765439511792861,19.53833351133103,170.20753287753544,169.46364287505546,0.8446284112765008,0.12180311750883212,0.028176284587925267,-25.592000000000013,-1.4010000000000105
1994-11-01,124.074,0.463,0.032,16.33,0.766,0.479,4.212,3.27,145.415,1994,11,4,305,-0.5000000000000004,0.8660254037844384,153.001,159.637,185.229,153.94,129.229,18.636,4.311,165.95566666666667,169.03583333333333,163.47575,17.01778943733087,17.24013695324568,161.60426643876772,164.7600306250396,0.8532406661458126,0.11229927364444701,0.028965372969406666,-6.635999999999996,-1.3760000000000048
1994-12-01,136.675,0.563,0.033,14.683,0.792,0.462,4.599,3.574,156.78,1994,12,4,335,-2.4492935982947064e-16,1.0,145.415,153.001,159.637,166.119,124.074,16.33,4.212,152.68433333333334,168.44966666666667,162.76533333333333,7.116286203724992,18.09878291672309,153.50963321938386,159.23287901788544,0.8717629243677176,0.09365352126205374,0.029334096866048164,-7.586000000000013,-8.525000000000006
1995-01-01,143.097,0.536,0.028,14.188,0.85,0.686,4.29,3.067,162.453,1995,1,1,1,0.49999999999999994,0.8660254037844387,156.78,145.415,153.001,179.406,136.675,14.683,4.599,151.732,164.741,161.98708333333335,5.787795521612106,17.77357480081039,155.14481660969193,158.53205644134675,0.8808516382675827,0.08733602412168294,0.026407636275868326,11.365000000000009,-9.338999999999999
1995-02-01,127.774,0.668,0.025,12.021,0.768,0.665,6.719,5.386,147.307,1995,2,1,32,0.8660254037844386,0.5000000000000001,162.453,156.78,145.415,151.48,143.097,14.188,4.29,154.88266666666667,160.41916666666665,160.57433333333333,8.676016731964467,13.517942453149837,158.79890830484595,159.6523260295334,0.8673993179279113,0.0816050777216916,0.04561222171300606,5.673000000000002,-16.953000000000003
1995-03-01,127.348,0.46,0.028,17.507,0.85,0.56,3.222,2.202,148.955,1995,3,1,60,1.0,6.123233995736766e-17,147.307,162.453,156.78,153.927,127.774,12.021,6.719,155.51333333333335,154.09883333333332,160.22658333333334,7.652036482749381,6.788155048809136,153.05295415242296,156.12509002109528,0.8549427105540122,0.11753213268892398,0.02163069238154527,-15.146000000000015,-4.173000000000002
1995-04-01,118.414,0.466,0.027,16.36,0.823,0.387,3.26,2.407,138.883,1995,4,2,91,0.8660254037844387,-0.4999999999999998,148.955,147.307,162.453,142.622,127.348,17.507,3.222,152.905,152.3185,159.81224999999998,8.309765580327365,6.436854130707559,151.00397707621147,154.0764928722109,0.8526168895677015,0.11779698611082809,0.02347299356487161,1.6480000000000246,-4.97199999999998
1995-05-01,125.516,0.575,0.028,18.398,0.85,0.64,4.368,3.153,149.16,1995,5,2,121,0.49999999999999994,-0.8660254037844387,138.883,148.955,147.307,148.932,118.414,16.36,3.26,145.04833333333335,149.96550000000002,159.50066666666666,5.402543598465859,8.414186300528884,144.94348853810573,149.73549490872207,0.8414855965751142,0.12334405180047923,0.029283988382677102,-10.072000000000003,-3.7390000000000043
1995-06-01,138.913,0.606,0.027,21.198,0.823,0.737,4.568,3.225,165.528,1995,6,2,152,1.2246467991473532e-16,-1.0,149.16,138.883,148.955,179.032,125.516,18.398,4.368,145.66600000000003,150.58966666666666,159.51966666666667,5.875144508860293,8.143671547077174,147.05174426905285,149.57106779194433,0.8392114422205644,0.1280629181731841,0.027596537891079582,10.276999999999987,0.22800000000000864
1995-07-01,159.638,0.953,0.028,29.035,0.85,0.615,6.98,5.412,196.531,1995,7,3,182,-0.4999999999999997,-0.8660254037844388,165.528,149.16,138.883,188.384,138.913,21.198,4.568,151.1903333333333,152.0476666666667,158.39433333333332,13.438031713510952,10.03669191848956,156.28987213452643,154.13019127996023,0.8122789375579965,0.14773749954269302,0.035516023654485876,16.367999999999995,-13.504000000000019
1995-08-01,167.717,1.448,0.028,33.423,0.85,0.863,8.206,5.895,210.223,1995,8,3,213,-0.8660254037844385,-0.5000000000000004,196.531,165.528,149.16,185.229,159.638,29.035,6.98,170.40633333333332,157.72733333333335,159.07325,24.059333164768578,20.88358314721569,176.41043606726322,166.24470805711445,0.7978051498739362,0.15898830484826565,0.03903473744382215,31.003000000000014,8.14700000000002
1995-09-01,137.474,0.458,0.027,22.566,0.823,0.709,4.754,3.587,165.644,1995,9,3,244,-1.0,-1.8369701987210297e-16,210.223,196.531,165.528,159.637,167.717,33.423,8.206,190.76066666666665,168.21333333333334,161.15608333333333,22.89941737977936,28.87245996216233,193.31671803363162,178.8099343265103,0.8299364402008861,0.13623191083094402,0.028700102104507127,13.692000000000007,24.994
1995-10-01,132.871,0.473,0.028,17.101,0.85,0.798,3.716,2.445,154.565,1995,10,4,274,-0.8660254037844386,0.5000000000000001,165.644,210.223,196.531,153.001,137.474,22.566,4.754,190.79933333333335,170.99483333333333,161.65666666666667,22.835516467409725,27.413107590469668,179.4803590168158,175.04823880465023,0.8596447540099794,0.11063952960634492,0.02404166376335757,-44.57900000000001,6.007000000000005
1995-11-01,134.591,0.533,0.027,14.126,0.823,0.898,3.91,2.478,153.476,1995,11,4,305,-0.5000000000000004,0.8660254037844384,154.565,165.644,210.223,145.415,132.871,17.101,3.716,176.81066666666666,173.60849999999996,161.787,29.461399734794266,24.311208943612783,167.02267950840792,169.19588486046445,0.8769513880377787,0.09204044332400875,0.02547629430814627,-11.079000000000008,1.563999999999993
1995-12-01,147.39,0.721,0.028,12.313,0.85,0.669,6.728,5.338,167.31,1995,12,4,335,-2.4492935982947064e-16,1.0,153.476,154.565,165.644,156.78,134.591,14.126,3.91,157.895,174.32783333333336,162.45875,6.732884300208542,23.493225248285185,160.24933975420396,164.70448918604603,0.8809395205941353,0.07359392304142472,0.040212776270828025,-1.0889999999999986,8.061000000000007
1996-01-01,153.915,0.931,0.03,12.634,0.841,0.734,7.526,5.862,174.947,1996,1,1,1,0.49999999999999994,0.8660254037844387,167.31,153.476,154.565,162.453,147.39,12.313,6.728,158.45033333333333,174.62483333333333,163.33625,7.691992611367244,23.37067319027555,163.77966987710198,165.44892084717574,0.8797806833051904,0.07221615276534306,0.043018740360295384,13.834000000000003,10.530000000000001
1996-02-01,138.446,1.19,0.028,10.245,0.787,0.566,7.847,6.091,157.353,1996,2,1,32,0.8660254037844386,0.5000000000000001,174.947,167.31,153.476,147.307,153.915,12.634,7.526,165.24433333333334,171.0275,164.37741666666668,10.883528579157176,20.84955940781482,169.363334938551,168.16265774798268,0.8798433534890752,0.06510838273764193,0.049868763234970845,7.6370000000000005,12.494
1996-03-01,138.362,0.754,0.03,11.708,0.841,0.462,5.728,4.511,156.669,1996,3,1,61,1.0,6.123233995736766e-17,157.353,174.947,167.31,148.955,138.446,10.245,7.847,166.53666666666666,162.21583333333334,165.21458333333334,8.822456706231632,8.465843736253934,163.3581674692755,165.07418410570193,0.8831484924810592,0.07473079711169427,0.03656115526612442,-17.593999999999994,10.04600000000002
1996-04-01,124.885,0.474,0.029,12.714,0.814,0.522,3.227,2.232,141.669,1996,4,2,92,0.8660254037844387,-0.4999999999999998,156.669,157.353,174.947,138.883,138.362,11.708,5.728,162.9896666666667,160.72,165.8574166666667,10.361000402148921,8.531617431648232,160.01358373463773,162.67270293264423,0.8815265949836171,0.08974439787501867,0.022778446747104393,-0.6839999999999975,7.713999999999999
1996-05-01,135.014,0.641,0.03,19.835,0.841,0.583,3.924,2.7,159.645,1996,5,2,122,0.49999999999999994,-0.8660254037844387,141.669,156.669,157.353,149.16,124.885,12.714,3.227,151.89700000000002,158.57066666666665,166.08958333333334,8.864307756389818,11.50027176490502,150.8412918673189,156.67164495188874,0.8457138748026011,0.12424440951834323,0.024579534305519474,-15.0,2.7860000000000014
1996-06-01,147.23,0.513,0.029,22.45,0.814,0.578,5.382,4.291,175.905,1996,6,2,153,1.2246467991473532e-16,-1.0,159.645,141.669,156.669,165.528,135.014,19.835,3.924,152.66100000000003,159.59883333333335,166.96333333333334,9.634946393208057,11.226193093238294,155.24314593365943,157.52117496563483,0.8369858254747832,0.1276256998024104,0.03059605863414578,17.976,10.485000000000014
1996-07-01,160.939,0.626,0.03,26.808,0.841,0.852,7.357,5.879,195.976,1996,7,3,183,-0.4999999999999997,-0.8660254037844388,175.905,159.645,141.669,196.531,147.23,22.45,5.382,159.073,161.03133333333335,167.82808333333332,17.125166042990518,12.839421321331832,165.5740729668297,162.77369640402486,0.8212178623291697,0.1367922532967173,0.03754030914294051,16.25999999999999,10.37700000000001
1996-08-01,162.998,0.532,0.03,27.526,0.841,1.022,6.193,4.64,197.588,1996,8,3,214,-0.8660254037844385,-0.5000000000000004,195.976,175.905,159.645,210.223,160.939,26.808,7.357,177.17533333333336,164.53616666666667,167.78183333333334,18.19878293549698,18.85754230451754,180.77503648341485,172.26006886001775,0.8249387197128003,0.13931007250895436,0.03134299495197102,20.070999999999998,-0.5550000000000068
1996-09-01,144.095,0.565,0.029,21.35,0.814,0.848,4.917,3.504,171.205,1996,9,3,245,-1.0,-1.8369701987210297e-16,197.588,195.976,175.905,165.644,162.998,27.526,6.193,189.823,171.242,166.72891666666666,12.08025988958878,22.578977425915436,189.1815182417074,179.4966206142984,0.8416517717559783,0.12470429457642623,0.028719953931254694,1.6119999999999948,-12.63500000000002
1996-10-01,143.399,0.509,0.03,16.968,0.841,0.698,3.524,2.317,164.762,1996,10,4,275,-0.8660254037844386,0.5000000000000001,171.205,197.588,195.976,154.565,144.095,21.35,4.917,188.25633333333334,173.66466666666668,167.19233333333332,14.78886785164233,21.454436675584482,180.19325912085372,177.1275861530703,0.8703401955341525,0.10298490531888996,0.021388425644965122,-26.38299999999998,5.561000000000007
1996-11-01,147.318,0.527,0.029,12.734,0.814,0.609,4.247,3.11,165.142,1996,11,4,306,-0.5000000000000004,0.8660254037844384,164.762,171.205,197.588,153.476,143.399,16.968,3.524,177.8516666666667,177.5135,168.04208333333335,17.393107897478703,15.925564011990168,172.47762956042686,173.59456153790734,0.892068589936625,0.07710939209229681,0.025717259950996114,-6.443000000000012,10.197000000000003
1996-12-01,155.809,0.735,0.03,9.932,0.841,0.652,5.764,4.377,172.376,1996,12,4,336,-2.4492935982947064e-16,1.0,165.142,164.762,171.205,167.31,147.318,12.734,4.247,167.03633333333335,178.42966666666666,169.01424999999998,3.615167538763906,14.81116131390995,168.80981478021343,171.1795439556481,0.9038902803238107,0.057618226573407746,0.03343852778585605,0.37999999999999545,11.665999999999997
1997-01-01,162.245,0.911,0.032,10.256,0.877,0.414,7.44,6.115,180.85,1997,1,1,1,0.49999999999999994,0.8660254037844387,172.376,165.142,164.762,174.947,155.809,9.932,5.764,167.42666666666665,177.8415,169.43641666666667,4.29045747366553,15.00033196632649,170.59290739010672,171.52138853974867,0.8971246393627516,0.05670997751119837,0.041139063249153264,7.234000000000009,5.0660000000000025
1997-02-01,135.873,0.459,0.029,10.564,0.792,0.41,4.086,3.216,151.344,1997,2,1,32,0.8660254037844386,0.5000000000000001,180.85,172.376,165.142,157.353,162.245,10.256,7.44,172.7893333333333,175.3205,169.92833333333334,7.862152970614005,12.386348384410862,175.72145369505336,174.18670609982047,0.8977758683677008,0.06980124287707191,0.026998095266538798,8.47399999999999,5.902999999999992
1997-03-01,138.495,0.454,0.032,13.984,0.877,0.256,3.808,3.097,157.196,1997,3,1,60,1.0,6.123233995736766e-17,151.344,180.85,172.376,156.669,135.873,10.564,4.086,168.19,167.61316666666667,169.42758333333333,15.191871379129015,9.896678279436395,163.53272684752667,167.6602186427289,0.8810338124994395,0.08895900093138497,0.0242245334344046,-29.506,-6.0090000000000146
1997-04-01,130.325,0.565,0.031,14.261,0.849,0.761,3.949,2.622,149.415,1997,4,2,91,0.8660254037844387,-0.4999999999999998,157.196,151.344,180.85,141.669,138.495,13.984,3.808,163.13,165.27833333333334,169.4715,15.622428620416132,10.513121509174583,160.36436342376334,164.6704418876635,0.8722349916517758,0.09544556467251851,0.02642974089417121,5.852000000000004,0.5269999999999868
1997-05-01,136.525,0.516,0.032,17.055,0.877,0.998,4.649,3.135,159.138,1997,5,2,121,0.49999999999999994,-0.8660254037844387,149.415,157.196,151.344,159.645,130.325,14.261,3.949,152.65166666666667,162.7205,170.117,4.051972893952532,12.367314142529247,154.88968171188168,160.31174420547393,0.8579031495995205,0.10717112775257148,0.029213636641554082,-7.781000000000006,7.745999999999981
1997-06-01,147.624,0.745,0.031,21.941,0.849,1.069,6.784,4.97,177.229,1997,6,2,152,1.2246467991473532e-16,-1.0,159.138,149.415,157.196,175.905,136.525,17.055,4.649,155.24966666666668,161.71983333333333,170.07475000000002,5.145419548814956,12.37509544879033,157.01384085594083,159.97638871819566,0.8329561847690735,0.12380027400706012,0.038278157735011885,9.723000000000013,-0.507000000000005
1997-07-01,169.108,1.389,0.032,31.656,0.877,1.065,8.855,6.4,210.528,1997,7,3,182,-0.4999999999999997,-0.8660254037844388,177.229,159.138,149.415,195.976,147.624,21.941,6.784,161.92733333333334,162.52866666666668,170.18508333333332,14.115237664783741,13.332441871865438,167.1214204279704,164.90570622728262,0.8032565357930282,0.15036478993935296,0.042060911514814586,18.091000000000008,1.3240000000000123
1997-08-01,164.925,0.732,0.032,28.824,0.877,1.185,7.45,5.533,202.108,1997,8,3,213,-0.8660254037844385,-0.5000000000000004,210.528,177.229,159.138,197.588,169.108,31.656,8.855,182.29833333333332,167.475,171.39775,26.0673479727673,23.28191356396638,188.8247102139852,177.94064730520188,0.8160240655479216,0.14261681167411425,0.03686147817694113,33.29899999999998,14.551999999999992
1997-09-01,152.353,0.562,0.031,24.544,0.849,1.195,7.391,5.634,185.167,1997,9,3,244,-1.0,-1.8369701987210297e-16,202.108,210.528,177.229,171.205,164.925,28.824,7.45,196.62166666666667,175.93566666666666,171.77441666666667,17.314177437387542,25.37705948818075,195.4663551069926,184.84560521800134,0.8227869532483135,0.13255060931210155,0.03991531752875418,-8.419999999999987,4.52000000000001
1997-10-01,152.153,0.596,0.032,18.012,0.877,1.038,6.875,5.241,177.949,1997,10,4,274,-0.8660254037844386,0.5000000000000001,185.167,202.108,210.528,164.762,152.353,24.544,7.391,199.26766666666666,180.5975,172.93791666666667,12.916876570337763,23.76393069128076,190.3166775534963,184.9374322985724,0.8550370693267694,0.10122000678733756,0.038634662817174426,-16.941000000000003,13.961999999999989
1997-11-01,146.425,0.562,0.031,13.245,0.849,1.002,6.502,4.939,167.052,1997,11,4,305,-0.5000000000000004,0.8660254037844384,177.949,185.167,202.108,165.142,152.153,18.012,6.875,188.408,185.35316666666668,174.03683333333333,12.40130561674877,18.561196420669113,184.13283877674814,182.94073735612315,0.876523425249418,0.07928668442840046,0.038922009977611166,-7.217999999999989,13.187000000000012
1997-12-01,160.993,0.592,0.032,14.528,0.877,0.978,6.978,5.408,183.408,1997,12,4,335,-2.4492935982947064e-16,1.0,167.052,177.949,185.167,172.376,146.425,13.245,6.502,176.72266666666667,186.6721666666667,174.19600000000003,9.119551871300214,16.491508329035867,175.59241938837408,178.40109811151652,0.8777860901494978,0.07921137141175023,0.03804632087769776,-10.89700000000002,1.9099999999999966
1998-01-01,159.602,0.478,0.032,13.039,0.863,1.112,6.339,4.749,179.875,1998,1,1,1,0.49999999999999994,0.8660254037844387,183.408,167.052,177.949,180.85,160.993,14.528,6.978,176.13633333333334,187.702,175.11533333333333,8.327304746034873,15.968514533293082,179.50020969418705,179.83164150822608,0.8872939048064542,0.072489224601016,0.03524113772113203,16.355999999999995,11.031999999999982
1998-02-01,138.682,0.374,0.029,10.192,0.78,0.873,5.56,4.312,155.243,1998,2,1,32,0.8660254037844386,0.5000000000000001,179.875,183.408,167.052,151.344,159.602,13.039,6.339,176.77833333333334,182.59316666666666,175.03408333333334,8.606491290493185,11.47694965427056,179.68760484709352,179.8440296487329,0.8933220246116073,0.06565190922283715,0.035814817040715714,-3.532999999999987,-0.9749999999999943
1998-03-01,144.143,0.547,0.032,14.795,0.863,0.893,8.134,6.695,167.968,1998,3,1,60,1.0,6.123233995736766e-17,155.243,179.875,183.408,157.196,138.682,10.192,5.56,172.84199999999998,174.78233333333333,175.359,15.343210974238769,11.486949632807844,167.46530242354675,172.81516403480921,0.8581574551011232,0.08808224851863161,0.048425887762794835,-24.632000000000005,3.899000000000001
1998-04-01,133.418,0.447,0.031,14.479,0.835,1.007,6.559,5.105,155.322,1998,4,2,91,0.8660254037844387,-0.4999999999999998,167.968,155.243,179.875,149.415,144.143,14.795,8.134,167.69533333333334,171.91583333333332,176.25666666666666,12.318263527516102,10.478959517369338,167.71665121177335,171.43026002486374,0.8589767799167678,0.09321924175459742,0.04222840021192103,12.724999999999994,10.771999999999991
1998-05-01,146.249,0.92,0.032,22.102,0.863,1.043,9.004,7.041,178.251,1998,5,2,121,0.49999999999999994,-0.8660254037844387,155.322,167.968,155.243,159.138,133.418,14.479,6.559,159.511,168.14466666666667,176.74891666666667,7.324083355615144,11.854695098005125,161.51932560588668,166.82790001775982,0.8204665993196896,0.12399368732889647,0.05051303776623762,-12.645999999999987,5.907000000000011
1998-06-01,158.591,1.432,0.031,28.844,0.835,1.19,11.474,8.853,199.776,1998,6,2,152,1.2246467991473532e-16,-1.0,178.251,155.322,167.968,177.229,146.249,22.102,9.004,167.18033333333332,170.01116666666667,178.34166666666667,11.484775763302185,12.51167533812583,169.88516280294334,170.09164286982843,0.7938440656613374,0.14438170028523445,0.05743432357068298,22.929000000000002,19.113
1998-07-01,174.995,1.551,0.032,34.204,0.863,1.254,12.95,10.145,223.044,1998,7,3,182,-0.4999999999999997,-0.8660254037844388,199.776,178.251,155.322,210.528,158.591,28.844,11.474,177.783,172.73916666666665,180.22058333333334,22.230694928409267,16.997225390241354,184.83058140147168,178.57288776416317,0.7845761022678888,0.1533509014655897,0.05806029043326471,21.525000000000006,22.546999999999997
1998-08-01,174.745,1.435,0.032,34.788,0.863,1.175,12.491,9.882,222.919,1998,8,3,213,-0.8660254037844385,-0.5000000000000004,223.044,199.776,178.251,202.108,174.995,34.204,12.95,200.357,179.934,181.26358333333334,22.402151302944205,26.88341769195272,203.93729070073584,191.27891983154512,0.7838945633214502,0.15605667726588232,0.056033803487643336,23.268,12.51600000000002
1998-09-01,156.709,1.201,0.031,29.001,0.835,1.109,10.015,7.704,196.591,1998,9,3,244,-1.0,-1.8369701987210297e-16,222.919,223.044,199.776,185.167,174.745,34.788,12.491,215.24633333333335,191.21333333333337,182.99783333333335,13.397847451487841,28.594808323656576,213.4281453503679,200.31894273681795,0.7971320763853851,0.147519461851282,0.050943326452211626,-0.125,20.811000000000007
1998-10-01,147.334,0.452,0.032,18.717,0.863,1.027,7.079,5.599,174.025,1998,10,4,274,-0.8660254037844386,0.5000000000000001,196.591,222.919,223.044,177.949,156.709,29.001,10.015,214.1846666666667,195.98383333333334,183.94983333333334,15.236690465233558,26.231062009889296,205.00957267518396,199.25381624058426,0.8466254361944872,0.1075535062460275,0.040678061159140286,-26.328000000000003,11.424000000000007
1998-11-01,139.397,0.459,0.031,13.503,0.835,1.008,7.066,5.6,160.832,1998,11,4,305,-0.5000000000000004,0.8660254037844384,174.025,196.591,222.919,167.052,147.334,18.717,7.079,197.84500000000003,199.101,183.62283333333335,24.47110941498169,21.027830958042006,189.517286337592,192.04558302898874,0.8667242298345957,0.08395716748177182,0.043934040244849266,-22.566000000000003,-3.9240000000000066
1998-12-01,154.318,0.621,0.032,14.352,0.863,0.927,8.36,6.813,177.925,1998,12,4,335,-2.4492935982947064e-16,1.0,160.832,174.025,196.591,183.408,139.397,13.503,7.066,177.14933333333332,196.19783333333336,183.1045,18.083075356070886,25.258946830116596,175.174643168796,183.1274164492777,0.8673204514643557,0.08066319625329794,0.046986087003732635,-13.193000000000012,-6.219999999999999
1999-01-01,161.387,1.117,0.032,14.844,0.872,0.931,10.467,8.419,187.602,1999,1,1,1,0.49999999999999994,0.8660254037844387,177.925,160.832,174.025,179.875,154.318,14.352,8.36,170.92733333333334,192.556,182.64758333333336,8.957640109612452,26.197661865135817,176.549821584398,181.64101174948408,0.860262637910969,0.07912495180621998,0.05579364528130589,17.093000000000018,-5.482999999999976
1999-02-01,138.081,0.421,0.029,12.626,0.788,0.769,8.364,7.174,159.889,1999,2,1,32,0.8660254037844386,0.5000000000000001,187.602,177.925,160.832,155.243,161.387,14.844,10.467,175.453,186.649,183.2915,13.555121283116742,21.527914501873916,182.075910792199,183.34415124963147,0.8636053222169552,0.07896727861408359,0.052311287686376946,9.676999999999992,7.727000000000004
1999-03-01,145.169,0.515,0.032,17.173,0.872,0.981,8.995,7.499,172.242,1999,3,1,60,1.0,6.123233995736766e-17,159.889,187.602,177.925,167.968,138.081,12.626,8.364,175.1386666666667,176.144,183.6786666666667,14.065039364798727,14.530726506269252,170.9824553960995,176.64267946402248,0.8428199369015725,0.0997027380254097,0.05222303200014909,-27.712999999999994,4.646000000000015
1999-04-01,137.504,0.788,0.031,21.273,0.844,0.881,7.76,6.091,167.411,1999,4,2,91,0.8660254037844387,-0.4999999999999998,172.242,159.889,187.602,155.322,145.169,17.173,8.995,173.24433333333332,172.08583333333334,184.03483333333335,13.883662929261064,10.526571700542561,171.61222769804976,175.38534247430178,0.8213557758238241,0.12707049554267666,0.04635298478875433,12.35299999999998,4.274000000000001
1999-05-01,144.891,0.6,0.032,22.68,0.872,0.989,8.003,6.414,176.479,1999,5,2,121,0.49999999999999994,-0.8660254037844387,167.411,172.242,159.889,178.251,137.504,21.273,7.76,166.514,170.98350000000002,185.04225,6.2251593553904465,10.628701007178496,169.51161384902488,173.10695891021555,0.8210098186747533,0.12851386688989244,0.045348169167540094,-4.830999999999989,12.088999999999999
1999-06-01,157.377,0.985,0.031,26.964,0.844,0.993,9.103,7.126,194.32,1999,6,2,152,1.2246467991473532e-16,-1.0,176.479,167.411,172.242,199.776,144.891,22.68,8.003,172.044,173.59133333333332,184.89458333333334,4.537241342490464,9.499360245125088,172.99530692451245,174.07039922158253,0.8098857137769806,0.13876079977558667,0.04684540722285883,9.068000000000012,-1.7719999999999914
1999-07-01,179.42,2.281,0.032,36.347,0.872,1.205,13.062,9.576,229.734,1999,7,3,182,-0.4999999999999997,-0.8660254037844388,194.32,176.479,167.411,223.044,157.377,26.964,9.103,179.40333333333334,176.32383333333334,184.43991666666668,13.690776615420221,12.785044722904262,183.65765346225623,179.8559994439875,0.7809901546575536,0.15821340514623847,0.05685705829972671,17.84099999999998,-5.456000000000017
1999-08-01,173.707,1.408,0.032,36.139,0.872,1.331,10.952,8.213,221.702,1999,8,3,213,-0.8660254037844385,-0.5000000000000004,229.734,194.32,176.479,222.919,179.42,36.347,13.062,200.17766666666668,183.34583333333333,184.99741666666668,27.10641898763714,25.48287581429263,206.69582673112814,194.1068567457054,0.7835156749368217,0.1630070922676795,0.04939964233973341,35.414000000000016,6.689999999999998
1999-09-01,154.874,0.594,0.031,23.362,0.844,0.824,6.839,5.421,185.95,1999,9,3,244,-1.0,-1.8369701987210297e-16,221.702,229.734,194.32,196.591,173.707,36.139,10.952,215.25199999999998,193.648,184.896,18.567167904664423,26.574609919996778,214.19891336556407,201.99118338978957,0.8328797616090475,0.12563591687895043,0.036778701974794194,-8.03200000000001,-1.217000000000013
1999-10-01,147.523,0.484,0.032,19.917,0.872,0.829,5.745,4.433,174.089,1999,10,4,274,-0.8660254037844386,0.5000000000000001,185.95,221.702,229.734,174.025,154.874,23.362,6.839,212.462,195.93266666666668,184.00925000000004,23.308643546976334,24.902905932173,200.07445668278203,197.40798813556398,0.8473998444818543,0.11440699214729294,0.03300035998826118,-35.75200000000001,-10.64100000000002
1999-11-01,142.095,0.549,0.031,14.218,0.844,0.772,4.098,2.777,161.286,1999,11,4,305,-0.5000000000000004,0.8660254037844384,174.089,185.95,221.702,160.832,147.523,19.917,5.745,193.91366666666667,197.04566666666665,184.01458333333335,24.785367302772368,23.4819135052205,187.081728341391,190.74542009683142,0.881012556513736,0.08815395706050388,0.0254082793665737,-11.86099999999999,0.06399999999999295
1999-12-01,154.387,0.499,0.032,14.514,0.872,0.983,3.883,2.401,173.688,1999,12,4,335,-2.4492935982947064e-16,1.0,161.286,174.089,185.95,177.925,142.095,14.218,4.098,173.77499999999998,194.5135,184.05241666666666,12.334997811106753,26.736851286192824,174.1838641706955,182.32844292630818,0.888875403662003,0.08356362652781847,0.022356177608344987,-12.802999999999997,0.45400000000000773
2000-01-01,172.903,0.992,0.031,17.571,0.859,1.439,6.798,4.366,198.161,2000,1,1,1,0.49999999999999994,0.8660254037844387,173.688,161.286,174.089,187.602,154.387,14.514,3.883,169.68766666666667,191.07483333333334,183.69933333333333,7.278818745740458,28.06069678690567,173.93593208534776,179.85974494736297,0.8725379427567511,0.08867031915107822,0.0343054367758824,12.401999999999987,-4.237000000000023
2000-02-01,155.75,0.599,0.029,15.405,0.804,1.174,4.65,2.878,176.637,2000,2,1,32,0.8660254037844386,0.5000000000000001,198.161,173.688,161.286,159.889,172.903,17.571,6.798,177.71166666666667,185.81266666666667,184.57925,18.763896885597653,21.571062668924284,186.04846604267388,185.08867496240214,0.8817517914280818,0.0872127534314581,0.026325173869281418,24.473000000000013,10.558999999999997
2000-03-01,152.347,0.512,0.031,19.158,0.859,0.777,4.009,2.72,176.405,2000,3,1,61,1.0,6.123233995736766e-17,176.637,198.161,173.688,172.242,155.75,15.405,4.65,182.82866666666666,178.30183333333332,185.97491666666667,13.359808544037614,12.523790407327168,181.34273302133693,182.67391068743012,0.8636205967166125,0.10860235772215314,0.02272611191711619,-21.524,16.74799999999999
2000-04-01,137.295,0.462,0.03,19.809,0.831,0.795,4.233,2.976,162.198,2000,4,2,92,0.8660254037844387,-0.4999999999999998,176.405,176.637,198.161,167.411,152.347,19.158,4.009,183.73433333333332,176.711,186.3218333333333,12.494398318180036,11.951114174000411,178.87386651066845,180.88279334816437,0.846465378952553,0.12212850206978494,0.026097730792134868,-0.23199999999999932,4.163000000000011
2000-05-01,151.232,1.078,0.031,28.502,0.859,0.724,7.286,5.484,187.91,2000,5,2,122,0.49999999999999994,-0.8660254037844387,162.198,176.405,176.637,176.479,137.295,19.809,4.233,171.74666666666667,174.72916666666666,185.8874166666667,8.270201468727457,13.374094024144604,170.5359332553342,175.54428096297454,0.8048107708578165,0.15167898719179462,0.03877387904987073,-14.206999999999994,-5.212999999999994
2000-06-01,165.771,0.931,0.03,28.36,0.831,0.88,9.235,7.424,204.228,2000,6,2,153,1.2246467991473532e-16,-1.0,187.91,162.198,176.405,194.32,151.232,28.502,7.286,175.50433333333334,179.1665,186.84,12.879640380590644,12.403290123995053,179.22296662766712,179.07734354498183,0.811695712062219,0.1388643996482167,0.045219066669650254,25.71199999999999,11.430999999999983
2000-07-01,172.816,1.098,0.031,34.422,0.859,0.519,8.519,6.902,216.648,2000,7,3,183,-0.4999999999999997,-0.8660254037844388,204.228,187.91,162.198,229.734,165.771,28.36,9.235,184.77866666666668,184.2565,187.66566666666665,21.189246360674073,15.568071489429661,191.72548331383356,186.26324538927273,0.7976809941619127,0.1588844504041371,0.03932184745200291,16.318000000000012,9.908000000000015
2000-08-01,179.476,1.233,0.031,37.859,0.859,1.011,10.807,8.563,229.031,2000,8,3,214,-0.8660254037844385,-0.5000000000000004,216.648,204.228,187.91,221.702,172.816,34.422,8.519,202.9286666666667,187.33766666666668,186.57516666666666,14.41299279585388,20.053612509138073,204.18674165691678,194.9446038494805,0.7836318758756728,0.1653007599276622,0.04718575008685505,12.419999999999987,-13.086000000000013
2000-09-01,158.627,0.833,0.03,26.159,0.831,0.775,9.246,7.638,194.893,2000,9,3,245,-1.0,-1.8369701987210297e-16,229.031,216.648,204.228,185.95,179.476,37.859,10.807,216.63566666666668,196.07000000000002,187.18591666666669,12.40150459957714,25.20731948462572,216.6088708284584,204.68357417820036,0.8139183647479199,0.13422236128427592,0.04744141413794163,12.38300000000001,7.329000000000008
2000-10-01,156.631,0.574,0.031,19.687,0.859,0.61,6.979,5.795,184.188,2000,10,4,275,-0.8660254037844386,0.5000000000000001,194.893,229.031,216.648,174.089,158.627,26.159,9.246,213.524,199.15133333333335,187.93116666666666,17.28208011206985,23.386962997932365,205.75093541422922,201.8862672701431,0.8503865153871851,0.10688535046336622,0.037890631426008674,-34.138000000000005,8.943000000000012
2000-11-01,155.015,0.725,0.03,16.636,0.831,0.659,6.196,4.812,178.708,2000,11,4,306,-0.5000000000000004,0.8660254037844384,184.188,194.893,229.031,161.286,156.631,19.687,6.979,202.70399999999998,202.81633333333332,188.77274999999997,23.419702239780985,17.392580839733288,194.9694677071146,196.82961947867364,0.8674205481891941,0.09309039924959155,0.03467108161520012,-10.705000000000013,10.09899999999999
2000-12-01,169.514,3.131039999999983,0.031,17.25,0.859,0.709,13.508,9.059,201.162,2000,12,4,336,-2.4492935982947064e-16,1.0,178.708,184.188,194.893,173.688,155.015,16.636,6.196,185.92966666666666,201.28266666666664,190.2245833333333,8.231865422450666,19.273865742674914,186.8387338535573,191.6520139133383,0.842674021799643,0.08575177788291138,0.06714985597926765,-5.47999999999999,17.421999999999997
2001-01-01,171.379,3.131039999999983,0.03,18.459,0.925,0.912,14.96,10.662,205.754,2001,1,1,1,0.49999999999999994,0.8660254037844387,201.162,178.708,184.188,198.161,169.514,17.25,13.508,188.01933333333332,200.77166666666668,192.51408333333336,11.70704340699813,19.220730211588155,194.00036692677867,194.36915279524163,0.8329315185643283,0.08971392586710704,0.0727081819693332,22.454000000000008,27.474000000000018
2001-02-01,146.187,1.128,0.027,16.972,0.836,0.827,8.438,6.484,172.46,2001,2,1,32,0.8660254037844386,0.5000000000000001,205.754,201.162,178.708,176.637,171.379,18.459,14.96,195.208,198.95600000000002,193.14683333333335,14.47270244287511,17.88948384945723,199.87718346338931,197.62196628231547,0.8476573786583916,0.09841122008516641,0.04892728464993131,4.5919999999999845,7.592999999999989
2001-03-01,151.068,1.241,0.03,19.676,0.925,0.813,9.516,7.461,181.215,2001,3,1,60,1.0,6.123233995736766e-17,172.46,205.754,201.162,176.405,146.187,16.972,8.438,193.12533333333332,189.5275,192.79875,18.043381538207772,13.147782166585818,186.16859173169468,190.43283305879675,0.8336395533681233,0.10857820221404396,0.05251220635641606,-33.29399999999998,-4.1769999999999925
2001-04-01,136.46,1.099,0.029,20.849,0.896,0.655,8.946,7.192,167.18,2001,4,2,91,0.8660254037844387,-0.4999999999999998,181.215,172.46,205.754,162.198,151.068,19.676,9.516,186.47633333333332,187.24783333333332,193.19958333333332,17.25931140959392,13.217024361279625,183.69179586584733,187.7991664705691,0.8162459136113223,0.12470988606831641,0.053511182347698145,8.754999999999995,4.810000000000002
2001-05-01,148.784,0.914,0.03,23.515,0.925,0.748,8.438,6.775,181.693,2001,5,2,121,0.49999999999999994,-0.8660254037844387,167.18,181.215,172.46,187.91,136.46,20.849,8.946,173.61833333333334,184.41316666666668,193.61475,7.0888368815584055,15.611483009844374,175.43589793292367,181.9079760504065,0.8188757509163395,0.1294215996531732,0.046440972055006406,-14.034999999999997,4.981999999999999
2001-06-01,159.457,0.776,0.029,26.712,0.896,0.843,9.813,8.194,196.906,2001,6,2,152,1.2246467991473532e-16,-1.0,181.693,167.18,181.215,204.228,148.784,23.515,8.438,176.696,184.91066666666666,193.09666666666666,8.24456263242682,15.439931031797371,178.56444896646184,181.84655432171894,0.8098127629522328,0.1356586322581012,0.04983595980640713,14.513000000000005,-6.2169999999999845
2001-07-01,176.898,0.741,0.03,34.358,0.925,0.993,8.964,7.229,221.175,2001,7,3,182,-0.4999999999999997,-0.8660254037844388,196.906,181.693,167.18,216.648,159.457,26.712,9.813,181.92633333333333,184.20133333333334,192.48649999999998,14.864373593708573,14.619990528952457,187.73522448323092,186.1492530869421,0.7998100689585138,0.15534304711911168,0.040528991046502046,15.212999999999994,-7.322000000000003
2001-08-01,180.673,1.106,0.03,37.225,0.925,1.035,11.769,9.628,230.623,2001,8,3,213,-0.8660254037844385,-0.5000000000000004,221.175,196.906,181.693,229.031,176.898,34.358,8.964,199.9246666666667,186.77150000000003,192.86374999999998,19.91334583472442,19.655129923253945,204.45511224161547,196.15660934781582,0.7834127219135679,0.1614106068600874,0.05103133464436181,24.269000000000005,4.527000000000015
2001-09-01,153.202,0.517,0.029,27.639,0.896,0.95,5.987,4.52,187.753,2001,9,3,244,-1.0,-1.8369701987210297e-16,230.623,221.175,196.906,194.893,180.673,37.225,11.769,216.23466666666664,196.46533333333332,192.99641666666665,17.392935127037426,24.843241549094543,217.53905612080774,206.00414953415412,0.8159762658398926,0.147209357655571,0.031887637913235053,9.447999999999979,1.5919999999999845
2001-10-01,146.64,0.568,0.03,25.251,0.925,0.915,5.194,3.71,178.04,2001,10,4,274,-0.8660254037844386,0.5000000000000001,187.753,230.623,221.175,184.188,153.202,27.639,5.987,213.18366666666665,197.55499999999998,192.40141666666668,22.524548415747063,24.174950250207146,202.64602806040386,200.78953538153866,0.8236350919099589,0.14182767120716294,0.029173217862659074,-42.870000000000005,-7.140000000000015
2001-11-01,142.367,0.447,0.029,18.988,0.896,0.806,4.777,3.525,167.057,2001,11,4,305,-0.5000000000000004,0.8660254037844384,178.04,187.753,230.623,178.708,146.64,25.251,5.194,198.80533333333332,199.365,191.88908333333336,27.97960911687897,21.728686559476866,190.3430140302019,194.28966812967045,0.8522060822230686,0.11366179725113003,0.0285950287270196,-9.712999999999994,-6.147999999999996
2001-12-01,156.713,0.537,0.03,19.894,0.925,1.044,5.218,3.637,182.78,2001,12,4,335,-2.4492935982947064e-16,1.0,167.057,178.04,187.753,201.162,142.367,18.988,4.777,177.61666666666665,196.92566666666667,190.91816666666668,10.354492374488567,24.724418275596655,178.70000701510094,186.50890580690748,0.8573858815304802,0.10884122393909486,0.028547979617683576,-10.983000000000004,-11.65100000000001
2002-01-01,159.356,0.783,0.032,20.588,1.083,1.356,5.543,3.404,186.602,2002,1,1,1,0.49999999999999994,0.8660254037844387,182.78,167.057,178.04,205.754,156.713,19.894,5.218,175.95899999999997,194.5713333333333,189.38633333333334,8.065426399144009,25.390259870010354,180.74000350755045,185.44350414779103,0.8539886574640863,0.11033107306829118,0.029704931902930734,15.723000000000013,-18.382000000000005
2002-02-01,139.482,0.484,0.029,18.58,0.978,1.412,4.763,2.868,163.832,2002,2,1,32,0.8660254037844386,0.5000000000000001,186.602,182.78,167.057,172.46,159.356,20.588,5.543,178.81300000000002,188.80916666666667,187.79033333333334,10.358792062784564,21.816811347368315,183.67100175377522,185.77450296270788,0.8513720853452265,0.11340885093212248,0.02907246270127553,3.8220000000000027,-19.151999999999987
2002-03-01,146.594,0.778,0.032,21.932,1.083,1.496,6.867,4.593,176.506,2002,3,1,60,1.0,6.123233995736766e-17,163.832,186.602,182.78,181.215,139.482,18.58,4.763,177.73799999999997,177.6773333333333,187.0713333333333,12.19362735202322,10.117531352393264,173.7515008768876,179.5052164019342,0.8305326260561892,0.12425639217610776,0.038905190820414555,-22.77000000000001,-8.628000000000014
2002-04-01,138.353,0.741,0.031,21.825,1.048,1.426,6.47,4.303,167.726,2002,4,2,91,0.8660254037844387,-0.4999999999999998,176.506,163.832,186.602,167.18,146.594,21.932,6.867,175.64666666666668,175.80283333333333,186.6789166666667,11.40929731987657,8.838468926610593,175.1287504384438,178.648297429953,0.8248750447232365,0.13012293084417856,0.038574816154035976,12.674000000000007,-4.709000000000003
2002-05-01,147.956,0.859,0.032,22.122,1.083,1.61,6.764,4.295,177.956,2002,5,2,121,0.49999999999999994,-0.8660254037844387,167.726,176.506,163.832,181.693,138.353,21.825,6.47,169.35466666666665,174.08383333333333,186.72441666666666,6.492070958742247,9.306913783132476,171.42737521922191,175.527641021395,0.8314189557295648,0.12431162060781202,0.03800939344504296,-8.780000000000001,0.5459999999999923
2002-06-01,161.561,0.723,0.031,29.722,1.048,1.734,6.789,4.333,199.152,2002,6,2,152,1.2246467991473532e-16,-1.0,177.956,167.726,176.506,196.906,147.956,22.122,6.764,174.06266666666667,175.90033333333335,186.413,5.5353982091032075,8.705314185407724,174.69168760961094,176.221457872425,0.811244636697365,0.14924278193325793,0.03408953793637333,10.22999999999999,-3.737000000000023
2002-07-01,179.351,1.112,0.032,39.565,1.083,1.536,8.315,5.666,228.346,2002,7,3,182,-0.4999999999999997,-0.8660254037844388,199.152,177.956,167.726,221.175,161.561,29.722,6.789,181.61133333333336,178.629,186.60016666666664,16.02870753783164,12.865060699429057,186.92184380480546,182.77304133744641,0.7854352261289785,0.1732677527406763,0.0364140367506312,21.195999999999998,2.245999999999981
2002-08-01,177.391,1.034,0.032,38.694,1.083,1.727,8.363,5.601,225.562,2002,8,3,213,-0.8660254037844385,-0.5000000000000004,228.346,199.152,177.956,230.623,179.351,39.565,8.315,201.81799999999998,185.58633333333333,187.19775,25.300567029218968,24.270695792800428,207.63392190240273,195.7938866696046,0.78644005699364,0.17154484480786458,0.03707627893544661,29.194000000000017,7.170999999999992
2002-09-01,162.681,0.698,0.031,30.667,1.048,1.572,6.744,4.474,201.171,2002,9,3,244,-1.0,-1.8369701987210297e-16,225.562,228.346,199.152,187.753,177.391,38.694,8.363,217.68666666666664,195.87466666666668,186.77599999999998,16.11173688133376,26.210827767673802,216.59796095120137,204.2990619068604,0.8086701955714196,0.1524424418806666,0.033523716961007456,-2.783999999999992,-5.060999999999979
2002-10-01,156.051,0.818,0.032,23.843,1.083,1.323,6.644,4.504,187.652,2002,10,4,274,-0.8660254037844386,0.5000000000000001,201.171,225.562,228.346,178.04,162.681,30.667,6.744,218.35966666666664,199.9855,187.89416666666662,14.950764540093937,24.439924940555628,208.8844804756007,203.4053299334717,0.8315978070258879,0.1270596568616558,0.035405962344874434,-24.39100000000002,13.418000000000006
2002-11-01,153.318,0.572,0.031,18.961,1.048,1.268,5.153,3.313,178.51,2002,11,4,305,-0.5000000000000004,0.8660254037844384,187.652,201.171,225.562,167.057,156.051,23.843,6.644,204.795,203.3065,188.69516666666664,19.213069952508917,20.1584488068897,198.26824023780034,198.90437852390835,0.8588762053175618,0.10621813308956736,0.0288667285380803,-13.519000000000005,9.611999999999995
2002-12-01,167.785,0.711,0.032,19.432,1.083,1.427,6.689,4.551,195.02,2002,12,4,335,-2.4492935982947064e-16,1.0,178.51,187.652,201.171,182.78,153.318,18.961,5.153,189.111,203.39883333333333,189.64958333333334,11.40073423074171,20.01990360033383,188.38912011890017,193.0774132313631,0.8603476125347341,0.09964105734585901,0.03429904449292152,-9.141999999999996,11.453000000000003
2003-01-01,175.518,1.911,0.031,20.748,0.972,1.179,10.057,6.967,207.326,2003,1,1,1,0.49999999999999994,0.8660254037844387,195.02,178.51,187.652,186.602,167.785,19.432,6.689,187.06066666666666,202.71016666666665,190.66958333333332,8.270869442406882,20.264779223239994,191.7045600594501,193.63243802240223,0.846579741731392,0.10007427432766396,0.04850814425069001,16.51000000000002,12.240000000000009
2003-02-01,152.63,1.632,0.028,18.157,0.878,1.087,8.691,5.973,180.384,2003,2,1,32,0.8660254037844386,0.5000000000000001,207.326,195.02,178.51,163.832,175.518,20.748,10.057,193.61866666666666,199.20683333333332,192.39658333333333,14.459020206547116,16.393756645950905,199.51528002972503,197.54488430171588,0.8461393002628116,0.10065748067137437,0.04818054549291814,12.305999999999983,20.72399999999999
2003-03-01,150.919,1.218,0.031,19.593,0.972,0.909,8.225,6.098,179.74,2003,3,1,60,1.0,6.123233995736766e-17,180.384,207.326,195.02,176.506,152.63,18.157,8.691,194.24333333333334,191.6771666666667,193.7759166666667,13.487781483006678,11.517857863624629,189.9496400148625,192.64177450122563,0.8396516724350911,0.109007449148356,0.04576054046063533,-26.942000000000007,16.551999999999992
2003-04-01,138.322,0.655,0.03,19.097,0.941,1.352,7.245,5.238,165.635,2003,4,2,91,0.8660254037844387,-0.4999999999999998,179.74,180.384,207.326,167.726,150.919,19.593,8.225,189.15,188.10533333333333,194.04541666666663,15.744170857812941,11.305930880146931,184.84482000743125,188.95555321516116,0.835101226485874,0.11529567329998654,0.04374075263436154,-0.643999999999977,3.234000000000009
2003-05-01,147.491,1.053,0.031,21.338,0.972,1.28,6.555,4.223,176.387,2003,5,2,121,0.49999999999999994,-0.8660254037844387,165.635,179.74,180.384,177.956,138.322,19.097,7.245,175.25300000000001,184.43583333333333,193.87116666666668,8.335653963547887,14.581079197599205,175.23991000371564,182.2925380108294,0.836178355764407,0.12097262717929172,0.03716260057926034,-14.105000000000018,-2.091000000000008
2003-06-01,160.056,1.204,0.03,23.597,0.941,1.535,8.976,6.236,193.6,2003,6,2,152,1.2246467991473532e-16,-1.0,176.387,165.635,179.74,199.152,147.491,21.338,6.555,173.92066666666665,184.082,193.74041666666665,7.368843622533019,14.77806741086241,175.81345500185782,180.6052414363067,0.8267354944868031,0.12188532428278284,0.04636363396882057,10.75200000000001,-1.5689999999999884
2003-07-01,178.656,1.005,0.031,34.14,0.972,1.768,10.057,7.284,223.856,2003,7,3,182,-0.4999999999999997,-0.8660254037844388,193.6,176.387,165.635,228.346,160.056,23.597,8.976,178.54066666666665,183.84533333333331,193.27775,14.10634666855113,14.577879100426792,184.7067275009289,184.31802959736194,0.7980844472301637,0.15250874881581244,0.04492620055186367,17.212999999999994,-5.5519999999999925
2003-08-01,181.673,0.867,0.031,37.02,0.972,1.755,10.386,7.764,230.083,2003,8,3,213,-0.8660254037844385,-0.5000000000000004,223.856,193.6,176.387,225.562,178.656,34.14,10.057,197.94766666666666,186.6003333333333,192.90358333333333,24.031295103121998,20.329999435972944,204.28136375046444,195.61459256954424,0.7895976326109433,0.16089845138934858,0.04514023004132291,30.256,-4.490000000000009
2003-09-01,161.942,0.511,0.03,25.382,0.941,1.704,7.261,5.045,195.555,2003,9,3,244,-1.0,-1.8369701987210297e-16,230.083,223.856,193.6,201.171,181.673,37.02,10.386,215.84633333333332,194.8835,193.28033333333335,19.515849772257624,26.483877304881048,217.18218187523223,205.4627089782459,0.8281148102521126,0.12979468027947738,0.037130217221231,6.227000000000004,4.520999999999987
2003-10-01,155.337,0.52,0.031,22.15,0.972,1.741,7.045,4.783,185.535,2003,10,4,274,-0.8660254037844386,0.5000000000000001,195.555,230.083,223.856,187.652,161.942,25.382,7.261,216.49800000000002,197.51933333333332,192.81233333333333,18.402467742126166,25.44177038389153,206.36859093761612,202.63193498446134,0.8372382118070331,0.11938447627754999,0.03797127022010563,-34.52799999999999,-5.6159999999999854
2003-11-01,156.001,0.473,0.03,18.858,0.941,1.754,5.507,3.281,181.338,2003,11,4,305,-0.5000000000000004,0.8660254037844384,185.535,195.555,230.083,178.51,155.337,22.15,7.045,203.72433333333333,200.836,192.6359166666667,23.37059223326042,21.435625803787335,195.95179546880806,197.7470964174724,0.8602774454180897,0.10399364148751826,0.030368702071893256,-10.02000000000001,-2.1169999999999902
2003-12-01,172.427,0.712,0.031,18.205,0.972,1.773,8.096,5.61,199.731,2003,12,4,335,-2.4492935982947064e-16,1.0,181.338,185.535,195.555,195.02,156.001,18.858,5.507,187.476,201.66116666666667,192.87158333333332,7.304545365729813,20.3752951921355,188.64489773440403,193.05878315533744,0.8632960900763481,0.09114758894975797,0.04053451689850264,-4.197000000000003,2.828000000000003
2004-01-01,175.35,1.77,0.032,19.642,0.946,1.999,12.071,8.302,208.041,2004,1,1,1,0.49999999999999994,0.8660254037844387,199.731,181.338,185.535,207.326,172.427,18.205,8.096,188.86799999999997,202.683,193.26416666666668,9.638842202256676,20.041165365317294,194.187948867202,194.96513082524103,0.8428626644333249,0.0944140773013936,0.05802221398559832,18.393,4.710999999999984
2004-02-01,157.548,0.601,0.03,20.297,0.885,1.718,7.604,5.285,186.364,2004,2,1,32,0.8660254037844386,0.5000000000000001,208.041,199.731,181.338,180.384,175.35,19.642,12.071,196.37,200.04716666666664,193.32375,13.665093962355403,17.58958826597883,201.114474433601,198.70109344660074,0.8453778173156931,0.10891051335501957,0.04080186941673985,8.310000000000002,0.7150000000000034
2004-03-01,149.42,0.538,0.032,20.383,0.946,1.733,7.88,5.61,178.662,2004,3,1,61,1.0,6.123233995736766e-17,186.364,208.041,199.731,179.74,157.548,20.297,7.604,198.04533333333333,192.76066666666665,193.82208333333332,10.936369888282616,10.133976014707162,193.73923721680052,195.1762096047148,0.8363277677218564,0.11408692872088474,0.04410562715599136,-21.676999999999992,5.980000000000018
2004-04-01,138.155,0.464,0.031,21.145,0.915,1.723,7.415,5.228,167.661,2004,4,2,92,0.8660254037844387,-0.4999999999999998,178.662,186.364,208.041,165.635,149.42,20.383,7.88,191.02233333333334,189.94516666666667,193.73225000000002,15.23339956586633,11.462017368973928,186.20061860840025,190.45786400336772,0.8240138837288407,0.12611757498061116,0.044226144170311274,-7.701999999999998,-1.078000000000003
2004-05-01,153.824,0.698,0.032,26.324,0.946,1.82,8.521,6.003,189.647,2004,5,2,122,0.49999999999999994,-0.8660254037844387,167.661,178.662,186.364,176.387,138.155,21.145,7.415,177.56233333333333,186.96616666666668,193.90108333333333,9.399867144451587,14.702224857709803,176.93080930420012,183.9444742881198,0.811106908566605,0.13880524665271549,0.04493084283269217,-11.001000000000005,2.0260000000000105
2004-06-01,164.022,0.656,0.031,27.659,0.915,1.714,8.926,6.556,201.553,2004,6,2,153,1.2246467991473532e-16,-1.0,189.647,167.661,178.662,193.6,153.824,26.324,8.521,178.65666666666667,188.351,195.00608333333335,10.993000970314696,14.455318094043912,183.28890465210006,185.57376734865701,0.8137908731802119,0.13722940679476828,0.04428611609422256,21.98599999999999,13.259999999999991
2004-07-01,178.541,0.596,0.032,34.073,0.946,1.806,9.955,7.553,223.546,2004,7,3,183,-0.4999999999999997,-0.8660254037844388,201.553,189.647,167.661,223.856,164.022,27.659,8.926,186.287,188.65466666666666,195.6688333333333,17.194013958352013,14.758158620460076,192.42095232605004,190.1392623918979,0.7986767466795762,0.152420524079137,0.04453221956410674,11.906000000000006,7.953000000000003
2004-08-01,175.913,0.562,0.032,33.264,0.946,1.987,9.297,6.748,219.452,2004,8,3,214,-0.8660254037844385,-0.5000000000000004,223.546,201.553,189.647,230.083,178.541,34.073,9.955,204.91533333333334,191.23883333333333,195.643,17.197805509230825,19.444916800198964,207.98347616302502,199.68404456564133,0.8016012247962551,0.1515775590298763,0.04236461538903198,21.992999999999995,-0.3100000000000023
2004-09-01,163.182,0.658,0.031,28.737,0.915,1.691,7.191,4.842,200.057,2004,9,3,245,-1.0,-1.8369701987210297e-16,219.452,223.546,201.553,195.555,175.913,33.264,9.297,214.8503333333333,196.7535,194.75708333333333,11.696346195856476,22.272285152179453,213.7177380815125,205.33203183260093,0.8156774911311531,0.1436440542623325,0.035944753947887154,-4.093999999999994,-10.631
2004-10-01,155.596,0.442,0.032,23.87,0.946,1.846,6.381,4.094,186.825,2004,10,4,275,-0.8660254037844386,0.5000000000000001,200.057,219.452,223.546,185.535,163.182,28.737,7.191,214.35166666666666,200.31933333333333,195.13225,12.5476424213207,20.433272695940314,206.88736904075625,203.82487988042925,0.832843525607198,0.12776661968330685,0.034154956020074616,-19.39500000000001,4.501999999999981
2004-11-01,156.598,0.389,0.031,20.425,0.915,1.649,5.638,3.6,183.607,2004,11,4,306,-0.5000000000000004,0.8660254037844384,186.825,200.057,219.452,181.338,155.596,23.87,6.381,202.11133333333336,203.51333333333332,195.23975,16.410225359005043,15.11233698230224,196.85618452037812,198.96777134316375,0.8528977188833913,0.11124302933749643,0.030706888587750544,-13.232,1.289999999999992
2004-12-01,174.92,0.758,0.032,21.02,0.946,1.844,8.044,5.442,204.962,2004,12,4,336,-2.4492935982947064e-16,1.0,183.607,186.825,200.057,199.731,156.598,20.425,5.638,190.163,202.50666666666666,195.42883333333336,8.718217019551865,16.369607724886382,190.23159226018907,194.57897953083125,0.8534264471742836,0.10255559066775351,0.03924629739921072,-3.2179999999999893,2.2690000000000055
2005-01-01,175.514,1.242,0.032,20.948,0.955,2.0,9.719,6.471,207.168,2005,1,1,1,0.49999999999999994,0.8660254037844387,204.962,183.607,186.825,208.041,174.92,21.02,8.044,191.798,203.07483333333332,195.86475,11.513342390461741,16.389036499033732,197.59679613009453,197.5455568077366,0.8472060913265518,0.10111599759055465,0.04691361373795114,21.35499999999999,5.2309999999999945
2005-02-01,153.555,0.369,0.029,17.984,0.863,1.855,6.018,3.794,178.449,2005,2,1,32,0.8660254037844386,0.5000000000000001,207.168,204.962,183.607,186.364,175.514,20.948,9.719,198.57899999999998,200.34516666666664,195.792,13.012962652678322,13.386421888117075,202.38239806504725,200.29482629124044,0.8604979091786499,0.10077948877385198,0.03372391923048494,2.2060000000000173,-0.8729999999999905
2005-03-01,159.857,0.431,0.032,21.007,0.955,1.947,6.827,4.45,188.68,2005,3,1,60,1.0,6.123233995736766e-17,178.449,207.168,204.962,178.662,153.555,17.984,6.018,196.8596666666667,193.51133333333334,195.13241666666667,15.982211809800745,12.084244464039092,190.41569903252363,194.05316163660032,0.8472386661416861,0.1113366487525626,0.03618295335049007,-28.718999999999994,-7.914999999999992
2005-04-01,140.548,0.438,0.031,21.223,0.924,1.779,5.757,3.541,168.484,2005,4,2,91,0.8660254037844387,-0.4999999999999998,188.68,178.449,207.168,167.661,159.857,21.007,6.827,191.43233333333333,191.61516666666668,195.96725,14.555986546206217,11.739405119794586,189.5478495162618,192.51797259757166,0.8341919212392914,0.12596447579802972,0.03416941465246464,10.230999999999995,10.018
2005-05-01,151.645,0.47,0.032,23.001,0.955,2.0,5.679,3.2,181.312,2005,5,2,121,0.49999999999999994,-0.8660254037844387,168.484,188.68,178.449,189.647,140.548,21.223,5.757,178.5376666666667,188.5583333333333,196.03583333333333,10.098291951282684,15.133459335745389,179.0159247581309,185.65112328397976,0.8363759245733363,0.12685866755324152,0.03132169788421627,-20.195999999999998,0.8230000000000075
2005-06-01,171.133,0.602,0.031,32.282,0.924,2.0,9.09,6.358,213.461,2005,6,2,152,1.2246467991473532e-16,-1.0,181.312,168.484,188.68,201.553,151.645,23.001,5.679,179.492,188.17583333333334,195.34124999999997,10.220269272382554,15.311588845272041,180.16396237906545,184.41137377427128,0.8017061289085065,0.15123136539080367,0.04258388920768247,12.828000000000003,-8.33499999999998
2005-07-01,183.97589999999997,0.92,0.032,42.233,0.955,2.0,10.803,7.792,238.11,2005,7,3,182,-0.4999999999999997,-0.8660254037844388,213.461,181.312,168.484,223.546,171.133,32.282,9.09,187.75233333333335,189.59233333333336,196.33358333333334,23.16983064964736,17.42268173005119,196.81248118953272,192.71126698162234,0.7726508431963862,0.17736759575962385,0.04536978516778862,32.149,11.908000000000015
2005-08-01,183.97589999999997,1.04,0.032,43.005,0.955,2.0,12.079,8.83,242.093,2005,8,3,213,-0.8660254037844385,-0.5000000000000004,238.11,213.461,181.312,219.452,183.97589999999997,42.233,10.803,210.961,194.74933333333334,197.54725,28.481409743901345,26.089236168708727,217.46124059476637,205.6823335583017,0.7599389176911798,0.17763833825685427,0.0498940469202312,24.649,14.564000000000021
2005-09-01,169.222,0.796,0.031,31.368,0.924,1.92,10.214,7.498,211.759,2005,9,3,244,-1.0,-1.8369701987210297e-16,242.093,238.11,213.461,200.057,183.97589999999997,43.005,12.079,231.22133333333332,205.35666666666668,199.434,15.509292451086436,30.672039395297137,229.7771202973832,216.08538111307266,0.7991253831419027,0.1481306509697037,0.04823407514041552,3.9829999999999757,22.64099999999999
2005-10-01,160.682,0.599,0.032,23.6,0.955,1.921,8.444,5.923,193.713,2005,10,4,274,-0.8660254037844386,0.5000000000000001,211.759,242.093,238.11,186.825,169.222,31.368,10.214,230.654,209.20316666666668,200.4091666666667,16.48429073390766,29.590455524825227,220.76806014869157,214.84927222362333,0.8294848136426148,0.1218297108697036,0.04359025756710921,-30.334000000000003,11.701999999999998
2005-11-01,155.899,0.436,0.031,20.288,0.924,1.735,5.731,3.559,182.873,2005,11,4,305,-0.5000000000000004,0.8660254037844384,193.713,211.759,242.093,183.607,160.682,23.6,8.444,215.855,213.40800000000002,200.98316666666665,24.44870164241848,23.89052649064046,207.24053007434577,208.8103373025881,0.8524986820088979,0.11094037332244928,0.031338686884412305,-18.045999999999992,6.888000000000005
2005-12-01,175.664,1.032,0.032,22.096,0.955,2.0,10.678,7.646,209.425,2005,12,4,335,-2.4492935982947064e-16,1.0,182.873,193.713,211.759,204.962,155.899,20.288,5.731,196.115,213.66816666666668,200.922,14.592033854127376,23.476001230334365,195.05676503717288,201.39966950184862,0.8387918902331674,0.1055079333647877,0.05098722449625286,-10.840000000000003,-0.7340000000000089
2006-01-01,166.165,0.444,0.032,17.316,0.979,2.0,5.134,2.69,189.627,2006,1,1,1,0.49999999999999994,0.8660254037844387,209.425,182.873,193.713,207.168,175.664,22.096,10.678,195.337,212.9955,201.29391666666666,13.35028868601724,23.5408573824318,202.24088251858643,203.69262107274903,0.8762728474176753,0.09131610523205527,0.027074202140296363,26.55200000000002,4.463000000000022
2006-02-01,154.226,0.396,0.029,18.825,0.884,1.774,4.242,2.073,178.207,2006,2,1,32,0.8660254037844386,0.5000000000000001,189.627,209.425,182.873,178.449,166.165,17.316,5.134,193.97500000000002,204.915,199.8321666666667,13.799674054121715,21.421678888452995,195.93394125929322,199.67387219482075,0.8654317245993859,0.10563557516620699,0.023803777415938913,-19.798000000000002,-17.540999999999997
2006-03-01,156.997,0.315,0.032,22.129,0.979,1.681,3.393,1.397,183.53,2006,3,1,60,1.0,6.123233995736766e-17,178.207,189.627,209.425,188.68,154.226,18.825,4.242,192.41966666666667,194.26733333333334,199.812,15.795256292106608,13.750042758721111,187.0704706296466,193.5404801391577,0.8554295834234412,0.12057428646138035,0.018487439738057006,-11.420000000000016,-0.24200000000001864
2006-04-01,138.082,0.418,0.031,23.163,0.948,1.709,3.872,1.745,166.094,2006,4,2,91,0.8660254037844387,-0.4999999999999998,183.53,178.207,189.627,168.484,156.997,22.129,3.393,183.788,189.5625,199.38283333333334,5.714369869023222,11.152018324052023,185.30023531482328,190.6803429565412,0.8313484634394702,0.1394571664565146,0.02331209897334648,5.3230000000000075,-5.150000000000006
2006-05-01,153.221,0.42,0.032,27.433,0.979,1.591,3.709,1.698,185.373,2006,5,2,121,0.49999999999999994,-0.8660254037844387,166.094,183.53,178.207,181.312,138.082,23.163,3.872,175.94366666666664,184.95933333333332,199.18366666666665,8.935632732679538,14.340477992963079,175.69711765741164,183.65567354038657,0.826555063220908,0.1479881024751122,0.020008306495104117,-17.436000000000007,-2.390000000000015
2006-06-01,166.169,0.48,0.031,34.204,0.948,1.78,4.907,2.647,206.259,2006,6,2,152,1.2246467991473532e-16,-1.0,185.373,166.094,183.53,213.461,153.221,27.433,3.709,178.3323333333333,185.376,199.5220833333333,10.638691852541546,14.304007913867768,180.53505882870581,184.14633824313327,0.805632684846107,0.16583033148467066,0.02379047586818147,19.278999999999996,4.060999999999979
2006-07-01,183.97589999999997,0.608,0.032,46.941,0.979,1.966,6.023,3.45,238.782,2006,7,3,182,-0.4999999999999997,-0.8660254037844388,206.259,185.373,166.094,238.11,166.169,34.204,4.907,185.90866666666668,184.84833333333333,198.92191666666665,20.08785728576679,13.259697638583548,193.39702941435291,190.46424160223805,0.7704763855535011,0.1965851615035823,0.025223843287021493,20.885999999999996,-7.202000000000027
2006-08-01,183.97589999999997,0.691,0.032,45.669,0.979,1.852,7.083,4.54,240.607,2006,8,3,213,-0.8660254037844385,-0.5000000000000004,238.782,206.259,185.373,242.093,183.97589999999997,46.941,6.023,210.138,193.04083333333332,198.9779166666667,26.914964257825094,25.93222055603144,216.08951470717648,204.26931543017002,0.7646323355250537,0.1898074374474792,0.029438045051139616,32.523000000000025,0.671999999999997
2006-09-01,160.475,0.341,0.031,29.784,0.948,1.67,3.986,1.975,195.223,2006,9,3,244,-1.0,-1.8369701987210297e-16,240.607,238.782,206.259,211.759,183.97589999999997,45.669,7.083,228.54933333333335,203.44083333333333,198.8540833333333,19.325549832626663,30.841329137484674,228.34825735358822,214.65151102155002,0.822008635150129,0.15256398310834363,0.020417675150075802,1.8249999999999886,-1.48599999999999
2006-10-01,159.328,0.404,0.032,28.661,0.979,1.693,4.311,2.214,193.312,2006,10,4,274,-0.8660254037844386,0.5000000000000001,195.223,240.607,238.782,193.713,160.475,29.784,3.986,224.87066666666666,205.38966666666667,197.47608333333332,25.691842291539466,29.67908929645014,211.78562867679412,209.10050787253573,0.8242012485411537,0.14826290409995738,0.022300735479394165,-45.383999999999986,-16.535999999999973
2006-11-01,156.604,0.403,0.031,21.556,0.948,1.485,4.015,2.127,183.154,2006,11,4,305,-0.5000000000000004,0.8660254037844384,193.312,195.223,240.607,182.873,159.328,28.661,4.311,209.71400000000003,209.92600000000002,197.44266666666667,26.77117978349109,24.01038275413358,202.54881433839705,204.5895056232398,0.8550399742817535,0.11769330084555615,0.021921441960238815,-1.9110000000000014,-0.40099999999998204
2006-12-01,170.779,0.45,0.032,22.528,0.979,1.534,3.837,1.853,198.154,2006,12,4,335,-2.4492935982947064e-16,1.0,183.154,193.312,195.223,209.425,156.604,21.556,4.015,190.56300000000002,209.55616666666666,197.46608333333333,6.48713657941634,24.476772315128926,192.85140716919852,198.4650754451713,0.861849830846219,0.11368934698823405,0.019363726224869232,-10.158000000000015,0.2810000000000059
2007-01-01,174.337,0.596,0.032,24.354,0.959,1.633,5.019,2.79,204.701,2007,1,1,1,0.49999999999999994,0.8660254037844387,198.154,183.154,193.312,189.627,170.779,22.528,3.837,191.54,208.20533333333333,196.52683333333331,7.655389474089574,24.91486105653936,195.50270358459926,198.37619674655093,0.8516665354997516,0.11897352143010921,0.024518687035300902,15.0,-11.271000000000015
2007-02-01,159.772,1.057,0.029,23.131,0.866,1.291,7.052,4.704,190.851,2007,2,1,32,0.8660254037844386,0.5000000000000001,204.701,198.154,183.154,178.207,174.337,24.354,5.019,195.33633333333333,202.52516666666668,197.783,11.046390194689607,19.93747002421974,200.1018517922996,200.1832833903935,0.837155643032751,0.12119925380536367,0.036950289128676865,6.546999999999997,15.073999999999984
2007-03-01,155.545,0.523,0.032,22.6,0.959,1.307,4.388,2.558,183.523,2007,3,1,60,1.0,6.123233995736766e-17,190.851,204.701,198.154,183.53,159.772,23.131,7.052,197.90199999999996,194.2325,198.83666666666667,6.9284379913514,7.224455266661446,195.4764258961498,197.51691670742395,0.847550397086447,0.12314532112349291,0.023909808366809154,-13.849999999999994,12.644000000000005
2007-04-01,144.038,0.407,0.031,24.617,0.928,1.276,4.129,2.445,173.742,2007,4,2,91,0.8660254037844387,-0.4999999999999998,183.523,190.851,204.701,166.094,155.545,22.6,4.388,193.02499999999998,192.2825,198.83608333333333,10.755074523219333,8.388814809017534,189.4997129480749,193.51865479101713,0.8290338070798192,0.1416870911070961,0.02376512163062923,-7.328000000000003,-0.007000000000005002
2007-05-01,154.284,0.423,0.032,27.554,0.959,1.385,4.001,2.192,186.83,2007,5,2,121,0.49999999999999994,-0.8660254037844387,173.742,183.523,190.851,185.373,144.038,24.617,4.129,182.70533333333333,189.02083333333334,199.47341666666668,8.58375817071609,11.231389253634566,181.62085647403745,187.86818199358368,0.82579881037313,0.14748165993247014,0.021415189133694314,-9.781000000000006,7.647999999999996
2007-06-01,170.559,0.512,0.031,34.118,0.928,1.598,4.85,2.74,210.487,2007,6,2,152,1.2246467991473532e-16,-1.0,186.83,173.742,183.523,206.259,154.284,27.554,4.001,181.365,189.6335,199.59483333333336,6.8056343569135365,10.94393327373625,184.22542823701872,187.57155856684548,0.8103065362560854,0.16209076275063247,0.023041801962030813,13.088000000000022,1.457000000000022
2007-07-01,183.582,0.498,0.032,41.3,0.959,1.42,4.659,2.742,230.533,2007,7,3,182,-0.4999999999999997,-0.8660254037844388,210.487,186.83,173.742,238.782,170.559,34.118,4.85,190.35299999999998,191.689,199.94716666666667,18.624108112873532,13.680405242535464,197.35621411850934,194.11882754774678,0.7963371492872106,0.17915004883682384,0.02020968710728238,23.656999999999982,4.228000000000009
2007-08-01,183.97589999999997,0.713,0.032,52.659,0.959,1.475,5.937,3.75,247.995,2007,8,3,213,-0.8660254037844385,-0.5000000000000004,230.533,210.487,186.83,240.607,183.582,41.3,4.659,209.28333333333333,195.99433333333332,199.25975000000003,21.876349383142845,20.804308492873762,213.94460705925468,204.52287681981915,0.7418532332565884,0.21233894988451582,0.023939997824956236,20.045999999999992,-8.249000000000024
2007-09-01,167.18,0.404,0.031,37.094,0.928,1.374,4.168,2.389,209.401,2007,9,3,244,-1.0,-1.8369701987210297e-16,247.995,230.533,210.487,195.223,183.97589999999997,52.659,5.937,229.67166666666665,205.51833333333335,199.87541666666667,18.76882887484819,29.317135805986602,230.96980352962734,216.94348344272794,0.798372462482392,0.1771433671690504,0.019904393011284903,17.462000000000018,7.388000000000005
2007-10-01,159.36,0.468,0.032,32.8,0.959,1.229,3.953,2.256,197.103,2007,10,4,274,-0.8660254037844386,0.5000000000000001,209.401,247.995,230.533,193.312,167.18,37.094,4.168,229.30966666666666,209.8313333333333,201.05691666666667,19.326060574605854,27.265879253504053,220.18540176481366,214.78848817337712,0.8085112449576494,0.16641044700433544,0.020055502957565183,-38.593999999999994,14.177999999999997
2007-11-01,156.666,0.393,0.031,24.335,0.928,1.162,2.626,1.072,184.587,2007,11,4,305,-0.5000000000000004,0.8660254037844384,197.103,209.401,247.995,183.154,159.36,32.8,3.953,218.16633333333334,213.72483333333332,201.37283333333335,26.554137480500735,22.296884503595198,208.64420088240684,209.73549155241224,0.8487379474861205,0.1318348457998209,0.014226353197876709,-12.298000000000002,3.790999999999997
2007-12-01,173.557,0.493,0.032,27.056,0.959,1.45,3.557,1.615,205.161,2007,12,4,335,-2.4492935982947064e-16,1.0,184.587,197.103,209.401,198.154,156.666,24.335,2.626,197.03033333333335,213.351,201.49225,12.40715959973644,22.849936787658677,196.6156004412034,202.550208251723,0.8459550866902048,0.13187690975005437,0.017337602305623274,-12.51600000000002,1.4329999999999927
2008-01-01,177.865,0.675,0.032,28.901,0.984,1.418,3.709,1.616,211.491,2008,1,1,1,0.49999999999999994,0.8660254037844387,205.161,184.587,197.103,204.701,173.557,27.056,3.557,195.617,212.46333333333334,202.0761666666667,10.367184574415495,23.085683647374704,200.8883002206017,203.29614875123073,0.8410050148230886,0.13665356272117665,0.017537388468663512,20.574000000000012,7.007000000000005
2008-02-01,163.114,0.5,0.03,23.864,0.92,1.311,3.113,1.302,191.043,2008,2,1,32,0.8660254037844386,0.5000000000000001,211.491,205.161,184.587,190.851,177.865,28.901,3.709,200.413,209.28966666666668,202.64200000000002,14.066411482677431,21.34827189883676,206.18965011030087,205.63753482230766,0.8538077368023044,0.12491427977396294,0.016294760012418145,6.3300000000000125,6.7900000000000205
2008-03-01,156.693,0.391,0.032,25.045,0.984,1.093,2.634,1.151,185.387,2008,3,1,61,1.0,6.123233995736766e-17,191.043,211.491,205.161,183.523,163.114,23.864,3.113,202.56499999999997,199.7976666666667,202.65800000000002,10.468265758949741,10.705075406864799,198.61632505515044,201.46766773021974,0.845221032476871,0.13509576533976142,0.014208115228785446,-20.448000000000008,0.19200000000000728
2008-04-01,144.524,0.391,0.031,25.512,0.952,1.193,2.889,1.305,173.908,2008,4,2,92,0.8660254037844387,-0.4999999999999998,185.387,191.043,211.491,173.742,156.693,25.045,2.634,195.97366666666667,195.79533333333333,202.8133333333333,13.732745877403108,10.884157912611379,192.0016625275752,196.87319123587122,0.831037052289886,0.14669824581397947,0.016612230799489914,-5.656000000000006,1.8640000000000043
2008-05-01,152.626,0.392,0.032,25.814,0.984,1.125,2.913,1.396,182.369,2008,5,2,122,0.49999999999999994,-0.8660254037844387,173.908,185.387,191.043,186.83,144.524,25.512,2.889,183.446,191.9295,202.8271666666667,8.730845720776228,14.00001308213652,182.95483126378758,190.3117080256223,0.8369075425698698,0.14154817202769265,0.015973108589008626,-11.479000000000013,0.16599999999999682
2008-06-01,168.239,0.566,0.031,36.133,0.952,1.378,4.285,2.341,209.64,2008,6,2,153,1.2246467991473532e-16,-1.0,182.369,173.908,185.387,210.487,152.626,25.814,2.913,180.55466666666666,191.55983333333333,202.45541666666665,5.950690240075462,14.25954252304962,182.6619156318938,188.0423628754445,0.8025137949573653,0.17235736632525445,0.020439800589591654,8.461000000000013,-4.461000000000013
2008-07-01,183.97589999999997,0.417,0.032,42.466,0.984,1.238,3.582,1.927,231.656,2008,7,3,183,-0.4999999999999997,-0.8660254037844388,209.64,182.369,173.908,230.533,168.239,36.133,4.285,188.63899999999998,192.30633333333333,202.38483333333338,18.672938467204283,15.200196599605556,196.1509578159469,194.2131163396032,0.7941771076865217,0.18331490730587996,0.01546258178235911,27.270999999999987,-0.8470000000000084
2008-08-01,179.993,0.369,0.032,41.429,0.984,1.299,3.289,1.621,225.728,2008,8,3,214,-0.8660254037844385,-0.5000000000000004,231.656,209.64,182.369,247.995,183.97589999999997,42.466,3.582,207.88833333333332,195.66716666666665,202.47841666666667,24.690146705382993,21.29696462331336,213.90347890797347,204.91108309971656,0.7973888575015567,0.1835350429040685,0.014570633037521572,22.01600000000002,1.1230000000000189
2008-09-01,160.76,0.366,0.031,32.722,0.952,1.228,3.542,1.948,198.008,2008,9,3,245,-1.0,-1.8369701987210297e-16,225.728,231.656,209.64,209.401,179.993,41.429,3.289,222.34133333333332,201.448,200.62283333333335,11.392023408215833,24.288129158088637,219.81573945398674,210.85877364265468,0.8118863474260459,0.16525594090865314,0.01788816523129544,-5.927999999999997,-22.266999999999996
2008-10-01,150.605,0.323,0.032,29.609,0.984,1.296,2.793,1.173,184.022,2008,10,4,275,-0.8660254037844386,0.5000000000000001,198.008,225.728,231.656,197.103,160.76,32.722,3.542,218.46400000000003,203.5515,199.67341666666667,17.961660502303314,23.13826136726776,208.91186972699336,207.18712403046763,0.8184075372288347,0.160899231564746,0.015177532296272604,-27.72,-11.393
2008-11-01,152.302,0.353,0.031,24.86,0.952,1.182,2.846,1.311,180.99,2008,11,4,306,-0.5000000000000004,0.8660254037844384,184.022,198.008,225.728,184.587,150.605,29.609,2.793,202.586,205.23716666666667,198.58333333333334,21.226544042778137,20.796687913383288,196.46693486349668,200.56851716461972,0.8414939586997093,0.1373556474194349,0.015724624801114712,-13.986000000000018,-13.081000000000017
2008-12-01,168.073,0.561,0.032,25.897,0.984,1.188,3.603,1.854,198.589,2008,12,4,336,-2.4492935982947064e-16,1.0,180.99,184.022,198.008,205.161,152.302,24.86,2.846,187.67333333333332,205.00733333333335,198.28358333333335,9.077568910965619,21.10528959921333,188.72846743174836,194.9746551175855,0.8463358571554388,0.13040500076011255,0.01814299794334037,-3.0319999999999823,-3.59699999999998
2009-01-01,169.01,0.788,0.033,26.449,0.955,1.196,4.944,2.96,201.391,2009,1,1,1,0.49999999999999994,0.8660254037844387,198.589,180.99,184.022,211.491,168.073,25.897,3.603,187.867,203.16549999999998,197.73591666666667,9.408465283987397,21.10234843565984,193.65873371587418,196.00732508398966,0.839213230024518,0.13133158227867273,0.024549258678428595,17.59899999999999,-6.572000000000003
2009-02-01,138.457,0.468,0.03,24.603,0.863,1.091,2.74,1.181,166.692,2009,2,1,32,0.8660254037844386,0.5000000000000001,201.391,198.589,180.99,191.043,169.01,26.449,4.944,193.65666666666667,198.12133333333335,196.89424999999997,11.058758263626629,15.908011210288388,197.52486685793707,197.54551791713547,0.8306156965771784,0.14759555661966042,0.01643750051367189,2.8019999999999925,-10.100000000000023
2009-03-01,134.157,0.519,0.033,27.097,0.955,1.356,2.877,1.002,165.118,2009,3,1,60,1.0,6.123233995736766e-17,166.692,201.391,198.589,185.387,138.457,24.603,2.74,188.89066666666668,188.282,194.865,19.275590842651983,13.491657941112816,182.10843342896854,188.73022708366818,0.8124916234152775,0.16410687120078543,0.017423901850561304,-34.698999999999984,-24.351
2009-04-01,125.161,0.328,0.032,24.465,0.924,1.208,2.383,0.847,152.964,2009,4,2,91,0.8660254037844387,-0.4999999999999998,165.118,166.692,201.391,173.908,134.157,27.097,2.877,177.73366666666666,182.80033333333333,193.1759166666667,20.502961599079445,15.308873069780743,173.61321671448428,181.98387648833443,0.8182382247954928,0.15993958317384593,0.015578827987053947,-1.5740000000000123,-20.269000000000005
2009-05-01,131.317,0.417,0.033,27.918,0.955,1.219,2.742,1.105,162.964,2009,5,2,121,0.49999999999999994,-0.8660254037844387,152.964,165.118,166.692,182.369,125.161,24.465,2.383,161.59133333333332,177.62400000000002,191.43058333333332,7.512824324667929,19.492335570679835,163.28860835724214,173.69248320595318,0.8058036863476788,0.17131389930819693,0.01682580098513776,-12.153999999999996,-20.94399999999999
2009-06-01,147.22,0.396,0.032,34.82,0.924,1.22,2.777,1.161,185.772,2009,6,2,152,1.2246467991473532e-16,-1.0,162.964,152.964,165.118,209.64,131.317,27.918,2.742,160.34866666666667,174.6196666666667,189.8135,6.485360848350826,20.244432623974827,163.12630417862107,170.62720228996656,0.79247675685912,0.18743404886451948,0.014948430605880834,10.0,-19.405
2009-07-01,157.083,0.367,0.033,42.156,0.955,1.266,2.9,1.267,203.127,2009,7,3,182,-0.4999999999999997,-0.8660254037844388,185.772,162.964,152.964,231.656,147.22,34.82,2.777,167.23333333333332,172.48349999999996,187.82450000000003,16.815517278196474,17.729363279598882,174.44915208931053,174.9542873499761,0.7733240399688844,0.20753517712883185,0.014276781802676069,22.807999999999993,-23.867999999999995
2009-08-01,161.543,0.393,0.033,45.538,0.955,1.225,3.115,1.497,211.183,2009,8,3,213,-0.8660254037844385,-0.5000000000000004,203.127,185.772,162.964,225.728,157.083,42.156,2.9,183.95433333333335,172.77283333333332,185.44708333333335,20.143102450549428,18.300436414650232,188.78807604465527,183.0036338214115,0.7649431646987133,0.21563287690614882,0.014750239614446258,17.355000000000018,-28.528999999999996
2009-09-01,137.175,0.3,0.032,37.387,0.924,1.216,2.449,0.934,177.967,2009,9,3,244,-1.0,-1.8369701987210297e-16,211.183,203.127,185.772,198.008,161.543,45.538,3.115,200.02733333333333,180.188,184.235,12.985980145269588,23.59231253607817,199.98553802232763,191.0548813010082,0.7707889231830102,0.2100782611339034,0.013760977385640178,8.055999999999983,-14.545000000000016
2009-10-01,138.952,0.344,0.033,29.099,0.955,0.748,2.143,1.052,171.182,2009,10,4,274,-0.8660254037844386,0.5000000000000001,177.967,211.183,203.127,184.022,137.175,37.387,2.449,197.42566666666667,182.32950000000002,182.56491666666668,17.326412361863454,22.50909976653868,188.97626901116382,187.3154866435773,0.8117208110828936,0.16998865710246072,0.012518838866303766,-33.21599999999998,-20.040999999999997
2009-11-01,136.236,0.337,0.032,24.776,0.924,0.737,1.698,0.624,163.666,2009,11,4,305,-0.5000000000000004,0.8660254037844384,171.182,177.967,211.183,180.99,138.952,29.099,2.143,186.77733333333333,185.3658333333333,181.49491666666665,21.40645884618311,18.654308386178755,180.07913450558192,182.70591903112663,0.8324025251180742,0.15138146277287506,0.010374787043442923,-6.785000000000025,-12.840000000000003
2009-12-01,164.564,0.433,0.033,28.204,0.955,0.982,2.044,0.629,195.8,2009,12,4,335,-2.4492935982947064e-16,1.0,163.666,171.182,177.967,198.589,136.236,24.776,1.698,170.93833333333336,185.48283333333333,180.05124999999998,7.153613096423784,18.48715555640345,171.87256725279096,177.26594216509045,0.8404698242865257,0.14404493646348637,0.010439223164493198,-7.515999999999991,-17.324000000000012
2010-01-01,169.541,1.039,0.033,29.537,0.935,1.207,3.677,1.43,203.722,2010,1,1,1,0.49999999999999994,0.8660254037844387,195.8,163.666,171.182,201.391,164.564,28.204,2.044,176.88266666666667,187.15416666666667,179.81883333333334,16.808381520340625,18.96562565713716,183.83628362639547,182.5613872607789,0.8322173927107827,0.1449867886145439,0.018049105248863388,32.134000000000015,-2.7889999999999873
2010-02-01,149.732,0.36,0.03,25.952,0.845,1.136,2.021,0.525,178.58,2010,2,1,32,0.8660254037844386,0.5000000000000001,203.722,195.8,163.666,166.692,169.541,29.537,3.677,187.72933333333333,187.25333333333333,180.01308333333336,21.212555935891647,19.06713127522489,193.77914181319773,188.60727661484208,0.8384589070187642,0.14532421629946152,0.011317056147549772,7.921999999999997,2.3310000000000173
2010-03-01,142.659,0.321,0.033,24.705,0.935,1.246,2.189,0.622,170.522,2010,3,1,60,1.0,6.123233995736766e-17,178.58,203.722,195.8,165.118,149.732,25.952,2.021,192.7006666666667,181.81950000000003,181.00375,12.854354955941336,15.120952162479448,186.17957090659888,185.74234043917292,0.8366016797479692,0.1448786581861192,0.012837052530638127,-25.141999999999996,11.888000000000005
2010-04-01,125.288,0.296,0.032,25.479,0.905,1.078,1.975,0.601,153.679,2010,4,2,91,0.8660254037844387,-0.4999999999999998,170.522,178.58,203.722,152.964,142.659,24.705,2.189,184.2746666666667,180.57866666666666,181.45408333333333,17.317099102717258,15.79094498333328,178.35078545329944,181.39367174226638,0.8152577245259452,0.16579362399588596,0.012851462278420456,-8.058000000000021,5.403999999999996
2010-05-01,141.697,0.432,0.033,30.234,0.935,1.167,2.618,1.018,175.517,2010,5,2,121,0.49999999999999994,-0.8660254037844387,153.679,170.522,178.58,162.964,125.288,25.479,1.975,167.59366666666668,177.66150000000002,181.5136666666667,12.706152145056523,19.136380386582815,166.01489272664972,173.47519410161885,0.8073120662208182,0.1722568086135925,0.014915933219236129,-16.84299999999999,0.7150000000000034
2010-06-01,163.128,0.517,0.032,38.131,0.905,1.375,3.45,1.559,205.646,2010,6,2,152,1.2246467991473532e-16,-1.0,175.517,153.679,170.522,185.772,141.697,30.234,2.618,166.57266666666666,179.63666666666666,182.55975,11.44213644095035,17.979557454694437,170.76594636332487,174.05856721544203,0.7932466085775259,0.18542056809174173,0.016776401351040072,21.837999999999994,12.552999999999997
2010-07-01,177.165,0.553,0.033,48.489,0.935,1.47,3.872,1.848,230.494,2010,7,3,182,-0.4999999999999997,-0.8660254037844388,205.646,175.517,153.679,203.127,163.128,38.131,3.45,178.28066666666666,181.2776666666667,184.21591666666666,26.093498468647866,20.076838502778724,188.20597318166244,183.08354801103002,0.7686316880859506,0.21036989204187995,0.016798701189675167,30.12899999999999,19.873999999999995
2010-08-01,176.655,0.451,0.033,50.968,0.935,1.15,3.112,1.511,231.704,2010,8,3,213,-0.8660254037844385,-0.5000000000000004,230.494,205.646,175.517,211.183,177.165,48.489,3.872,203.88566666666668,185.73966666666664,186.4965,27.53074122382723,27.620426953011762,209.34998659083124,196.62939143645002,0.7624166711659414,0.21997029744975066,0.013430928536800031,24.848000000000013,27.36699999999999
2010-09-01,148.406,0.373,0.032,37.642,0.905,1.087,2.375,0.914,189.36,2010,9,3,244,-1.0,-1.8369701987210297e-16,231.704,230.494,205.646,177.967,176.655,50.968,3.112,222.61466666666664,194.59366666666668,188.20658333333336,14.707744943850123,32.88020420050124,220.52699329541562,206.65070816889286,0.7837240819748583,0.1987853718427666,0.01254224690841535,1.210000000000008,20.521000000000015
2010-10-01,132.129,0.326,0.033,30.811,0.935,1.009,1.911,0.575,165.819,2010,10,4,274,-0.8660254037844386,0.5000000000000001,189.36,231.704,230.494,171.182,148.406,37.642,2.375,217.186,197.73333333333335,189.15599999999998,24.10561619208297,30.965594556970153,204.94349664770783,201.71050583492348,0.7968266123407683,0.18581102371796818,0.011524613492747304,-42.343999999999994,11.393
2010-11-01,135.919,0.376,0.032,26.843,0.905,0.88,1.769,0.513,165.468,2010,11,4,305,-0.5000000000000004,0.8660254037844384,165.819,189.36,231.704,163.666,132.129,30.811,1.911,195.62766666666667,199.75666666666666,188.70908333333333,33.38668956834951,27.73992556346646,185.38124832385392,191.4557898820882,0.8214216149695643,0.1622247103835962,0.010690888226672938,-23.541000000000025,-5.3629999999999995
2010-12-01,165.3,0.784,0.033,30.528,0.935,1.143,2.948,1.021,199.744,2010,12,4,335,-2.4492935982947064e-16,1.0,165.468,165.819,189.36,195.8,135.919,26.843,1.769,173.549,198.08183333333332,188.85925,13.693852306783329,29.728229590183467,175.42462416192694,184.03070705863442,0.8275592344421242,0.15283562195432043,0.014758890642077327,-0.3509999999999991,1.8019999999999925
2011-01-01,166.309,0.559,0.034,29.188,0.962,1.546,2.969,0.865,199.462,2011,1,1,1,0.49999999999999994,0.8660254037844387,199.744,165.468,165.819,203.722,165.3,30.528,2.948,177.0103333333333,197.09816666666666,189.18791666666664,19.68871505033606,29.524832777962686,187.58431208096346,188.520219327596,0.8337878476207073,0.14633363014841774,0.014885040013384003,34.27600000000001,3.9439999999999884
2011-02-01,135.738,0.385,0.03,26.152,0.869,1.219,2.111,0.507,164.9,2011,2,1,32,0.8660254037844386,0.5000000000000001,199.462,199.744,165.468,178.58,166.309,29.188,2.969,188.22466666666665,191.92616666666666,188.83291666666665,19.708355825216213,24.853117602559628,193.52315604048172,191.64644237685428,0.8231533764006442,0.15859307710169332,0.012801697222456204,-0.2820000000000107,-4.260000000000019
2011-03-01,133.862,0.374,0.034,26.043,0.962,1.477,2.423,0.571,163.323,2011,3,1,60,1.0,6.123233995736766e-17,164.9,199.462,199.744,170.522,135.738,26.152,2.111,188.03533333333334,180.79216666666665,187.69291666666666,20.03628252279682,17.27847908140813,179.21157802024086,184.00460169775306,0.819615068323808,0.1594570171098365,0.01483563155001858,-34.56199999999998,-13.680000000000007
2011-04-01,123.65,0.419,0.032,28.164,0.931,0.939,2.043,0.686,154.82,2011,4,2,91,0.8660254037844387,-0.4999999999999998,163.323,164.9,199.462,153.679,133.862,26.043,2.423,175.89499999999998,176.45266666666666,187.093,20.42484636417114,17.952747150969902,171.26728901012044,178.0955726412522,0.7986693709682618,0.18191446958309848,0.013195968660640186,-1.5769999999999982,-7.198999999999984
2011-05-01,135.488,0.405,0.034,30.881,0.962,1.004,2.045,0.637,169.41,2011,5,2,121,0.49999999999999994,-0.8660254037844387,154.82,163.323,164.9,175.517,123.65,28.164,2.043,161.01433333333333,174.61950000000002,187.18808333333334,5.422089664817713,19.729369232187608,163.04364450506023,171.44540902946585,0.7997638392205986,0.1822855686036498,0.01207130558577973,-8.503000000000014,1.1409999999999911
2011-06-01,155.016,0.403,0.032,37.765,0.931,1.223,2.271,0.646,196.015,2011,6,2,152,1.2246467991473532e-16,-1.0,169.41,154.82,163.323,205.646,135.488,30.881,2.045,162.51766666666666,175.27649999999997,186.67916666666665,7.3282635278300114,19.42698687650741,166.2268222525301,170.8638635924756,0.7908373955647581,0.19266381691891862,0.011585847430765633,14.590000000000003,-6.106999999999999
2011-07-01,173.728,0.473,0.034,50.694,0.962,1.464,2.734,0.797,228.152,2011,7,3,182,-0.4999999999999997,-0.8660254037844388,196.015,169.41,154.82,230.494,155.016,37.765,2.271,173.415,174.655,185.87658333333334,20.887484889282238,18.526458636231343,181.12091112626504,178.04990256605402,0.7614572407229725,0.22219396620700385,0.011983238718782272,26.60499999999999,-9.631
2011-08-01,169.987,0.345,0.034,49.767,0.962,1.316,2.343,0.681,223.092,2011,8,3,213,-0.8660254037844385,-0.5000000000000004,228.152,196.015,169.41,231.704,173.728,50.694,2.734,197.859,179.4366666666667,185.68141666666668,29.414382417450188,27.660455857896807,204.63645556313253,192.36478754718144,0.7619591575691124,0.22307836125551964,0.010502393160561868,32.137,-2.342000000000013
2011-09-01,141.456,0.302,0.032,36.941,0.931,1.281,2.08,0.496,181.441,2011,9,3,244,-1.0,-1.8369701987210297e-16,223.092,228.152,196.015,189.36,169.987,49.767,2.343,215.75300000000001,189.1353333333333,184.96375,17.27982589611394,31.4820352942223,213.86422778156629,201.1439911051296,0.7796252897842665,0.20359785254722734,0.011463780983141573,-5.059999999999974,-8.611999999999995
2011-10-01,128.32,0.309,0.034,31.04,0.962,0.933,1.731,0.49,162.087,2011,10,4,274,-0.8660254037844386,0.5000000000000001,181.441,223.092,228.152,165.819,141.456,36.941,2.08,210.895,192.155,184.3038333333333,25.633074084081443,29.30463657512224,197.65261389078313,195.51456507509255,0.791673558541181,0.19150208273938793,0.010679449266168832,-41.65100000000001,-7.919000000000011
2011-11-01,123.628,0.316,0.032,29.308,0.931,0.703,1.498,0.479,155.398,2011,11,4,305,-0.5000000000000004,0.8660254037844384,162.087,181.441,223.092,165.468,128.32,31.04,1.731,188.87333333333333,193.3661666666667,183.99283333333332,31.174223171289015,27.550642369401462,179.86980694539156,185.96383219649468,0.7955571631837499,0.18859958373984326,0.00963976308319521,-19.354000000000013,-3.7319999999999993
2011-12-01,135.527,0.368,0.034,33.18,0.962,1.021,1.867,0.478,171.569,2011,12,4,335,-2.4492935982947064e-16,1.0,155.398,162.087,181.441,199.744,123.628,29.308,1.498,166.30866666666665,191.03083333333333,183.15366666666668,13.525025483647806,30.430742819830392,167.63390347269578,177.2307372832105,0.7899270386883971,0.19339156879205632,0.010881918593573514,-6.688999999999993,-10.069999999999993
2012-01-01,129.542,0.352,0.034,35.11,0.969,1.169,2.045,0.524,167.699,2012,1,1,1,0.49999999999999994,0.8660254037844387,171.569,155.398,162.087,199.462,135.527,33.18,1.867,163.018,186.9565,180.80575,8.125600347050517,31.255304924124353,169.60145173634788,175.61309805943606,0.7724672912499602,0.20936319182802568,0.012194466741336158,16.170999999999992,-28.17500000000001
2012-02-01,115.247,0.282,0.032,34.877,0.906,0.927,1.604,0.394,152.665,2012,2,1,32,0.8660254037844386,0.5000000000000001,167.699,171.569,155.398,164.9,129.542,35.11,2.045,164.8886666666667,176.881,178.15883333333332,8.443861103388759,24.286450189354383,168.65022586817395,173.35192718531147,0.7549012049322894,0.22845444414538738,0.010506664231705747,-3.869999999999976,-31.762999999999977
2012-03-01,105.084,0.27266,0.034,36.456,0.969,0.521,1.4302,0.445,143.766,2012,3,1,61,1.0,6.123233995736766e-17,152.665,167.699,171.569,163.323,115.247,34.877,1.604,163.97766666666666,165.14316666666664,177.13925000000003,9.986317906682187,10.709398310206666,160.65761293408696,167.44137656093676,0.7309377230403765,0.2535787144680443,0.009948109431429585,-15.03400000000002,-12.235000000000014
2012-04-01,94.674,0.29,0.033,38.626,0.937,0.484,1.4302,0.416,135.462,2012,4,2,92,0.8660254037844387,-0.4999999999999998,143.766,152.665,167.699,154.82,105.084,36.456,1.4302,154.71,158.864,175.5095,12.096844257903973,10.278641349905659,152.21180646704346,160.67698325781197,0.698897056082366,0.2851426757952285,0.010557941669402366,-8.899000000000001,-19.557000000000016
2012-05-01,114.96,0.369,0.034,43.922,0.969,0.617,1.4302,0.438,161.308,2012,5,2,122,0.49999999999999994,-0.8660254037844387,135.462,143.766,152.665,169.41,94.674,38.626,1.4302,143.96433333333331,154.4265,173.89633333333333,8.603214767359535,13.764953886591496,143.83690323352172,153.47270232700853,0.7126738467606165,0.2722865405133942,0.008866267707350677,-8.304000000000002,-19.358000000000004
2012-06-01,131.167,0.362,0.033,47.572,0.937,0.666,1.703,0.676,181.412,2012,6,2,153,1.2246467991473532e-16,-1.0,161.308,135.462,143.766,196.015,114.96,43.922,1.4302,146.84533333333331,155.4115,173.22116666666668,13.19528890677708,14.05673971801393,152.57245161676087,155.71135880500609,0.7230337175581705,0.2622318114440163,0.009387471094113338,25.846000000000004,-8.102000000000004
2012-07-01,158.331,0.393,0.034,53.367239999999974,0.969,0.74,1.938,0.804,219.762,2012,7,3,183,-0.4999999999999997,-0.8660254037844388,181.412,161.308,135.462,228.152,131.167,47.572,1.703,159.394,157.052,172.00424999999998,23.034716668541538,16.65396895637765,166.99222580838045,163.05439914643293,0.720465743828972,0.2428410624748107,0.008818630663234286,20.104000000000013,-14.60299999999998
2012-08-01,151.36,0.308,0.034,53.367239999999974,0.969,0.779,1.671,0.584,208.316,2012,8,3,214,-0.8660254037844385,-0.5000000000000004,219.762,181.412,161.308,223.092,158.331,53.367239999999974,1.938,187.494,165.72916666666666,171.30508333333333,29.69782099750745,30.835692218055645,193.37711290419023,179.25657081888068,0.7265884172800737,0.25618405421647605,0.008021467001024069,38.349999999999994,-8.389999999999986
2012-09-01,127.184,0.27266,0.033,43.384,0.937,0.731,1.438,0.438,172.976,2012,9,3,245,-1.0,-1.8369701987210297e-16,208.316,219.762,181.412,181.441,151.36,53.367239999999974,1.671,203.16333333333333,175.00433333333334,170.07375,19.687384420824745,34.2957524930808,200.84655645209511,187.55926487062905,0.735269590274397,0.2508093463365238,0.008313291536785939,-11.445999999999998,-14.77600000000001
2012-10-01,121.741,0.289,0.034,36.176,0.969,0.667,1.4302,0.471,160.346,2012,10,4,275,-0.8660254037844386,0.5000000000000001,172.976,208.316,219.762,162.087,127.184,43.384,1.438,200.35133333333332,179.87266666666667,169.3683333333333,24.388714302589463,30.87740223960976,186.91127822604756,183.39261776473504,0.7592393474586614,0.22561209973356994,0.008919461107887872,-35.34,-8.465000000000003
2012-11-01,127.974,0.309,0.033,31.355,0.937,0.695,1.4302,0.421,161.725,2012,11,4,306,-0.5000000000000004,0.8660254037844384,160.346,172.976,208.316,155.398,121.741,36.176,1.4302,180.54600000000002,184.02,169.22324999999998,24.86481248672489,24.790526416354922,173.62863911302378,176.80786983195358,0.7913061807818098,0.19387848546121594,0.008843406471268729,-12.629999999999995,-1.7409999999999854
2012-12-01,133.974,0.354,0.034,32.434,0.969,0.689,1.478,0.435,168.888,2012,12,4,336,-2.4492935982947064e-16,1.0,161.725,160.346,172.976,171.569,127.974,31.355,1.4302,165.01566666666665,184.08950000000002,169.7505,6.928245833781898,24.71458718854093,167.67681955651187,172.4984784513954,0.7932712334049054,0.19204442044168793,0.008751361331097452,1.3789999999999907,6.326999999999998
2013-01-01,137.055,0.459,0.034,34.294,0.941,0.961,2.182,0.763,174.506,2013,1,1,1,0.49999999999999994,0.8660254037844387,168.888,161.725,160.346,167.699,133.974,32.434,1.478,163.65300000000002,182.00216666666665,169.52708333333334,4.585774634669941,25.502270223779252,168.28240977825595,171.46691317956817,0.7853884230119066,0.1965204522182359,0.01250386734531378,7.163000000000011,-2.680999999999983
2013-02-01,122.562,0.305,0.031,30.857,0.85,0.844,1.655,0.506,155.955,2013,2,1,32,0.8660254037844386,0.5000000000000001,174.506,168.888,161.725,152.665,137.055,34.294,2.182,168.37300000000002,174.45950000000002,170.09433333333334,6.406044723539197,17.55485979152186,171.394204889128,172.33522369969154,0.7858804920726816,0.1978583438903309,0.010612034842612621,5.617999999999995,6.806999999999988
2013-03-01,128.606,0.291,0.034,32.778,0.941,0.912,1.64,0.437,163.999,2013,3,1,60,1.0,6.123233995736766e-17,155.955,174.506,168.888,143.766,122.562,30.857,1.655,166.44966666666667,165.7326666666667,170.3685,9.51283355963494,7.484299824743621,163.67460244456402,167.65515978549396,0.7841876606450247,0.19986706017310713,0.010000060366218064,-18.550999999999988,3.2900000000000205
2013-04-01,110.959,0.3,0.033,30.64,0.91,0.841,1.585,0.443,144.127,2013,4,2,91,0.8660254037844387,-0.4999999999999998,163.999,155.955,174.506,135.462,128.606,32.778,1.64,164.82,164.2365,172.0545833333333,9.302710948964432,6.590635075619853,163.83680122228202,166.61054270392424,0.7698695754529286,0.2125902702068127,0.010997244721860252,8.043999999999983,20.233000000000004
2013-05-01,118.029,0.353,0.034,33.337,0.941,1.194,1.984,0.437,154.325,2013,5,2,121,0.49999999999999994,-0.8660254037844387,144.127,163.999,155.955,161.308,110.959,30.64,1.585,154.69366666666667,161.53333333333333,172.77666666666664,9.995865011759186,10.607503884828756,153.98190061114101,160.1866733599459,0.7648079854328214,0.21601812953065744,0.012855984911324484,-19.871999999999986,8.66500000000002
2013-06-01,137.026,0.295,0.033,39.974,0.91,1.214,1.975,0.467,179.919,2013,6,2,152,1.2246467991473532e-16,-1.0,154.325,144.127,163.999,181.412,118.029,33.337,1.984,154.15033333333332,160.29999999999998,172.19475,9.937151369145548,11.003566330966994,154.15345030557052,158.5119095428185,0.7615982324491447,0.22217774542000868,0.010977161334980667,10.197999999999979,-6.983000000000004
2013-07-01,151.952,0.446,0.034,49.416,0.941,1.219,2.343,0.677,204.685,2013,7,3,182,-0.4999999999999997,-0.8660254037844388,179.919,154.325,144.127,219.762,137.026,39.974,1.975,159.457,162.1385,172.07033333333334,18.43962808735525,13.388527054907517,167.03622515278528,164.6282211020132,0.7423699468759338,0.2414246162921261,0.011446856806954255,25.594000000000023,-1.492999999999995
2013-08-01,149.701,0.28,0.034,48.842,0.941,1.266,2.05,0.504,201.568,2013,8,3,213,-0.8660254037844385,-0.5000000000000004,204.685,179.919,154.325,208.316,151.952,49.416,2.343,179.643,167.16833333333332,170.81391666666664,25.181134446247444,21.916740402410607,185.86061257639264,176.07301507286658,0.7426823333722449,0.2423102753259309,0.010170264616890348,24.76599999999999,-15.076999999999998
2013-09-01,132.785,0.27266,0.033,40.751,0.91,1.146,1.852,0.434,176.332,2013,9,3,244,-1.0,-1.8369701987210297e-16,201.568,204.685,179.919,172.976,149.701,48.842,2.05,195.39066666666668,174.7705,170.25158333333334,13.48919101849066,24.950182939208908,193.71430628819633,183.357296480619,0.7530396778214007,0.23110381376586134,0.010502914360245766,-3.1169999999999902,-6.7479999999999905
2013-10-01,121.075,0.275,0.034,34.547,0.941,1.058,1.765,0.432,158.363,2013,10,4,274,-0.8660254037844386,0.5000000000000001,176.332,201.568,204.685,160.346,132.785,40.751,1.852,194.19500000000002,176.826,170.53125,15.548118825118214,24.386966732252528,185.02315314409816,181.35006891472784,0.7645409114161192,0.2181506906189772,0.011145279443728683,-25.23600000000002,3.3559999999999945
2013-11-01,120.445,0.325,0.033,32.614,0.91,0.833,1.555,0.396,155.558,2013,11,4,305,-0.5000000000000004,0.8660254037844384,158.363,176.332,201.568,161.725,121.075,34.547,1.765,178.7543333333333,179.19866666666667,170.366,21.704118971598945,21.03093539209938,171.69307657204908,174.78233493909133,0.7742770687282513,0.2096581204657992,0.009996270844555032,-17.968999999999994,-1.983000000000004
2013-12-01,141.155,0.452,0.034,36.308,0.941,1.023,2.063,0.588,180.501,2013,12,4,335,-2.4492935982947064e-16,1.0,155.558,158.363,176.332,168.888,120.445,32.614,1.555,163.41766666666666,179.40416666666667,169.85208333333333,11.271735018767655,20.74333465397158,163.62553828602455,169.28966781363667,0.7820177848312316,0.20115122901528362,0.011429298927468606,-2.805000000000007,-6.167000000000002
2014-01-01,153.85,2.085,0.035,36.133,0.945,1.204,5.411,2.123,196.375,2014,1,1,1,0.49999999999999994,0.8660254037844387,180.501,155.558,158.363,174.506,141.155,36.308,2.063,164.80733333333333,179.50116666666668,170.81983333333335,13.663286073756707,20.74758395010509,172.0632691430123,172.49290558116905,0.7834499919312543,0.18399999063017236,0.027554422530646844,24.943000000000012,11.613
2014-02-01,140.102,0.565,0.032,30.036,0.854,0.989,2.323,0.769,173.347,2014,2,1,32,0.8660254037844386,0.5000000000000001,196.375,180.501,155.558,155.955,153.85,36.133,5.411,177.47799999999998,178.1161666666667,172.64225000000002,20.575732526449375,18.92777133649543,184.21913457150615,179.31636112940646,0.8082169978011158,0.17327094364073542,0.013400865697077786,15.873999999999995,21.869
2014-03-01,132.664,0.611,0.035,30.554,0.945,1.16,2.648,0.877,166.847,2014,3,1,60,1.0,6.123233995736766e-17,173.347,196.375,180.501,163.999,140.102,30.036,2.323,183.40766666666664,173.4126666666667,174.09158333333335,11.785954748484428,15.042085156874277,178.78306728575308,177.61082937814746,0.7951236285265164,0.18312584684616162,0.015870826813138575,-23.02799999999999,17.391999999999996
2014-04-01,106.751,0.276,0.034,29.885,0.915,0.805,1.5,0.419,139.085,2014,4,2,91,0.8660254037844387,-0.4999999999999998,166.847,173.347,196.375,144.127,132.664,30.554,2.648,178.85633333333337,171.83183333333332,174.3289166666667,15.515806821861387,15.17176915744032,172.81503364287653,174.5354495558196,0.7675234016951216,0.21486859008026818,0.010784771126665626,-6.5,2.848000000000013
2014-05-01,117.672,0.347,0.035,35.211,0.945,1.083,1.799,0.38454,155.662,2014,5,2,121,0.49999999999999994,-0.8660254037844387,139.085,166.847,173.347,154.325,106.751,29.885,1.5,159.75966666666667,168.61883333333333,173.90875000000003,18.197359185698094,19.89933820423828,155.95001682143828,164.4067496827283,0.7559455258222606,0.22620162748765738,0.011557090904839272,-27.762,-5.042000000000002
2014-06-01,136.577,0.287,0.034,39.228,0.915,1.125,1.809,0.397,178.563,2014,6,2,152,1.2246467991473532e-16,-1.0,155.662,139.085,166.847,179.919,117.672,35.211,1.799,153.8646666666667,168.63616666666667,174.02016666666668,13.967997935756856,19.885726865434343,155.80600841071913,161.90824977337735,0.7648672589020538,0.2196871569313264,0.01013087761009405,16.576999999999998,1.3370000000000175
2014-07-01,149.776,0.277,0.035,45.901,0.945,1.042,1.799,0.48,198.458,2014,7,3,182,-0.4999999999999997,-0.8660254037844388,178.563,155.662,139.085,204.685,136.577,39.228,1.809,157.77,168.31316666666666,173.90716666666665,19.823240628110625,19.66902356922318,167.18450420535956,166.66674983812666,0.7546986891584775,0.23128822061654253,0.009064889847479574,22.900999999999982,-1.356000000000023
2014-08-01,148.995,0.297,0.035,48.871,0.945,1.045,1.841,0.5,200.688,2014,8,3,213,-0.8660254037844385,-0.5000000000000004,198.458,178.563,155.662,201.568,149.776,45.901,1.799,177.561,168.66033333333334,173.38825,21.415587944298554,20.27251232251832,182.82125210267978,175.74996417009046,0.7424210345201988,0.24351728835220401,0.009173442897759563,19.89500000000001,-6.227000000000004
2014-09-01,126.983,0.296,0.034,41.961,0.915,1.027,1.734,0.411,171.627,2014,9,3,244,-1.0,-1.8369701987210297e-16,200.688,198.458,178.563,176.332,148.995,48.871,1.841,192.56966666666665,173.21716666666669,173.31491666666668,12.181266696584816,24.224334817836727,191.75462605133987,182.87511726435034,0.7398777150519606,0.24448948915441687,0.010103304835293698,2.2299999999999898,-0.8800000000000239
2014-10-01,112.3,0.275,0.035,38.286,0.945,0.615,1.4302,0.398,152.855,2014,10,4,274,-0.8660254037844386,0.5000000000000001,171.627,200.688,198.458,158.363,126.983,41.961,1.734,190.25766666666664,174.01383333333334,172.92283333333333,16.173111337442915,24.050919012932887,181.69081302566994,179.66136947453595,0.7346831484293515,0.25047265379132816,0.009356579153015658,-29.06099999999998,-4.704999999999984
2014-11-01,118.837,0.346,0.034,32.703,0.915,0.79,1.519,0.38454,154.008,2014,11,4,305,-0.5000000000000004,0.8660254037844384,152.855,171.627,200.688,155.558,112.3,38.286,1.4302,175.05666666666664,176.3088333333333,172.46383333333333,24.100226810827262,20.43675222158983,167.27290651283496,172.00240676752568,0.7716286964554635,0.2123460981023,0.009863123353129489,-18.77200000000002,-5.50800000000001
2014-12-01,124.629,0.348,0.035,34.8,0.945,1.181,1.902,0.38454,162.311,2014,12,4,335,-2.4492935982947064e-16,1.0,154.008,152.855,171.627,180.501,118.837,32.703,1.519,159.49666666666667,176.0331666666667,172.33466666666666,10.520983429951302,20.779238170988293,160.6404532564175,166.86114769108977,0.7678407028580501,0.2144032003743923,0.011718243882531442,1.15300000000002,-1.549999999999983
2015-01-01,130.232,0.556,0.035,39.155,0.945,1.108,2.541,0.877,172.91,2015,1,1,1,0.49999999999999994,0.8660254037844387,162.311,154.008,152.855,196.375,124.629,34.8,1.902,156.39133333333334,173.32450000000003,170.81883333333334,5.1588944875145675,21.432499833197028,161.47572662820875,165.56110549363555,0.7531779102898669,0.22644727161834066,0.01469550548288095,8.302999999999997,-18.189999999999998
2015-02-01,122.417,1.595,0.032,35.668,0.854,1.161,4.823,2.067,163.794,2015,2,1,32,0.8660254037844386,0.5000000000000001,172.91,162.311,154.008,173.347,130.232,39.155,2.541,163.07633333333334,169.0665,168.86341666666667,9.474212491458665,17.643445522346003,167.1928633141044,167.66078963831112,0.7473838634269958,0.21776132106418297,0.02944552123731509,10.59899999999999,-23.465000000000003
2015-03-01,106.412,0.354,0.035,38.872,0.945,0.772,1.548,0.423,147.814,2015,3,1,60,1.0,6.123233995736766e-17,163.794,172.91,162.311,166.847,122.417,35.668,4.823,166.33833333333334,162.91750000000002,168.06733333333332,5.739331348973776,8.455467314110583,165.4934316570522,166.55599259879364,0.7199046964492744,0.2629791316804138,0.010472620288158072,-9.115999999999985,-9.552999999999997
2015-04-01,88.646,0.27266,0.034,36.61,0.915,0.822,1.503,0.417,127.708,2015,4,2,91,0.8660254037844387,-0.4999999999999998,147.814,163.794,172.91,139.085,106.412,38.872,1.548,161.506,158.94866666666667,166.48125000000002,12.703484246456854,9.112904381516342,156.65371582852612,161.20113757056689,0.6941303055305614,0.2866695675549247,0.011769034690932854,-15.980000000000018,-19.033000000000015
2015-05-01,104.498,0.353,0.035,40.44,0.945,0.964,1.707,0.39,147.627,2015,5,2,121,0.49999999999999994,-0.8660254037844387,127.708,147.814,163.794,155.662,88.646,36.61,1.503,146.43866666666668,154.7575,165.5331666666667,18.082270469531846,15.803014544699804,142.18085791426307,151.63166969326207,0.707851496822973,0.27393361147123413,0.011562924697858475,-20.105999999999995,-11.37700000000001
2015-06-01,126.28,0.334,0.034,48.92,0.915,0.872,1.65,0.445,177.799,2015,6,2,152,1.2246467991473532e-16,-1.0,147.627,127.708,147.814,178.563,104.498,40.44,1.707,141.04966666666667,153.69400000000002,164.86358333333334,11.554600570045709,16.075897673224773,144.90392895713154,150.48747835233004,0.7102401751280842,0.27514213943036014,0.009280141661081239,19.91900000000001,-8.034999999999997
2015-07-01,140.283,0.323,0.035,53.367239999999974,0.945,1.174,2.084,0.588,201.06,2015,7,3,182,-0.4999999999999997,-0.8660254037844388,177.799,147.627,127.708,198.458,126.28,48.92,1.65,151.04466666666667,156.27533333333335,164.79991666666666,25.21978200407977,18.75628468185158,161.3514644785658,158.29077025166433,0.6977170646713883,0.2654294108510189,0.010365064639159224,30.171999999999997,-0.7639999999999816
2015-08-01,135.156,0.302,0.035,53.367239999999974,0.945,1.106,1.936,0.529,194.735,2015,8,3,213,-0.8660254037844385,-0.5000000000000004,201.06,177.799,147.627,200.688,140.283,53.367239999999974,2.084,175.49533333333338,160.96699999999998,165.01675,26.790885247287346,25.9070449569223,181.2057322392829,170.51055017976023,0.6940508540297915,0.27405056748655504,0.009941715154352573,23.260999999999996,2.602000000000004
2015-09-01,118.653,0.276,0.034,49.384,0.915,1.062,1.804,0.465,170.79,2015,9,3,244,-1.0,-1.8369701987210297e-16,194.735,201.06,177.799,171.627,135.156,53.367239999999974,1.936,191.198,166.12383333333332,164.52066666666667,12.027107175043977,29.42313105987633,187.97036611964145,177.43182155697158,0.6947303299531395,0.28915040171260603,0.010562678695317133,-6.324999999999989,-5.9529999999999745
2015-10-01,98.469,0.27266,0.035,43.68,0.945,0.868,1.563,0.428,144.693,2015,10,4,274,-0.8660254037844386,0.5000000000000001,170.79,194.735,201.06,152.855,118.653,49.384,1.804,188.86166666666668,169.95316666666668,164.45091666666667,15.96684872895484,28.025501097512223,179.38018305982072,175.5341582549797,0.6805373666633929,0.30188051240346714,0.01080218042322846,-23.94500000000002,-0.8370000000000175
2015-11-01,90.263,0.338,0.034,40.394,0.915,0.727,1.525,0.461,133.131,2015,11,4,305,-0.5000000000000004,0.8660254037844384,144.693,170.79,194.735,154.008,98.469,43.68,1.563,170.07266666666666,172.78400000000002,163.77075,25.0287108404192,23.37727002025668,162.03659152991037,166.72239875355694,0.6780013161471546,0.30341541012871454,0.011454881924203833,-26.09699999999998,-8.161999999999978
2015-12-01,91.658,0.337,0.035,42.27,0.945,0.78,1.513,0.396,136.421,2015,12,4,335,-2.4492935982947064e-16,1.0,133.131,144.693,170.79,162.311,90.263,40.394,1.525,149.538,170.368,162.031,19.291334557255873,26.970158293936507,147.5837957649552,157.12485625254067,0.6718759815661826,0.30984963386504766,0.011090667046080365,-11.562000000000012,-20.87700000000001
2016-01-01,113.495,0.502,0.035,42.566,0.943,0.96,1.991,0.528,159.03,2016,1,1,1,0.49999999999999994,0.8660254037844387,136.421,133.131,144.693,172.91,91.658,42.27,1.513,138.08166666666668,163.47166666666666,159.8735,5.957207511351488,29.82874371921586,142.0023978824776,151.20946875181477,0.7136703317820329,0.26766017307047896,0.012519649593180558,3.289999999999992,-25.890000000000015
2016-02-01,92.416,0.353,0.033,37.918,0.882,0.937,1.857,0.567,133.106,2016,2,1,32,0.8660254037844386,0.5000000000000001,159.03,136.421,133.131,163.794,113.495,42.566,1.991,142.86066666666667,156.46666666666667,158.7168333333333,14.099345032068152,23.49976684707022,150.5161989412388,153.44390625129626,0.6943037357967533,0.2848706831494686,0.013951285896106419,22.60900000000001,-13.879999999999995
2016-03-01,72.84,0.279,0.035,40.525,0.943,1.041,1.654,0.38454,115.997,2016,3,1,61,1.0,6.123233995736766e-17,133.106,159.03,136.421,147.814,92.416,37.918,1.857,142.85233333333335,146.19516666666667,156.1595,14.107975770226748,15.552674026245835,141.8110994706194,147.63307589378303,0.6279472203636973,0.3493624533942728,0.014258988227368962,-25.924000000000007,-30.688000000000017
2016-04-01,71.41,0.27266,0.034,39.763,0.912,1.096,1.695,0.38454,113.815,2016,4,2,92,0.8660254037844387,-0.4999999999999998,115.997,133.106,159.03,127.708,72.84,40.525,1.654,136.04433333333333,137.063,153.50808333333333,21.66645158611122,14.2553357168464,128.9040497353097,138.59419706698787,0.6274216379720038,0.3493651672130064,0.01489258754183653,-17.108999999999995,-31.816999999999993
2016-05-01,82.51,0.34,0.035,44.21,0.943,1.035,1.743,0.38454,129.44,2016,5,2,122,0.49999999999999994,-0.8660254037844387,113.815,115.997,133.106,147.627,71.41,39.763,1.695,120.97266666666667,131.91666666666666,152.35033333333334,10.5642611825576,16.36714456057208,121.35952486765486,131.5144264764199,0.6374381460570036,0.34154818127718006,0.013465697352773691,-2.182000000000002,-13.893
2016-06-01,115.772,0.293,0.034,53.367239999999974,0.912,1.075,1.789,0.42,172.074,2016,6,2,153,1.2246467991473532e-16,-1.0,129.44,113.815,115.997,177.799,82.51,44.21,1.743,119.75066666666667,131.3015,150.83475,8.461835872509743,16.38173249384807,125.39976243382742,130.9217331974428,0.6728035221588664,0.31014120028934045,0.01039668919205172,15.625,-18.187000000000012
2016-07-01,135.958,0.342,0.035,53.367239999999974,0.943,1.137,2.141,0.662,201.958,2016,7,3,183,-0.4999999999999997,-0.8660254037844388,172.074,129.44,113.815,201.06,115.772,53.367239999999974,1.789,138.443,137.24366666666666,150.35766666666666,30.15490469227138,23.5207874244606,148.73688121691373,142.67952371245914,0.6731993447548824,0.26424918724441765,0.010601213588903952,42.634000000000015,-5.724999999999994
